employee_id,name,salary_ugx,bank_account,national_id,health_note,next_of_kin_phone
KMB-E000,Fictional Staff 000,650000,NOT-REAL-BANK-000,NOT-REAL-NIN-000,SIMULATED confidential field,NOT-REAL-CONTACT-000
KMB-E001,Fictional Staff 001,680000,NOT-REAL-BANK-001,NOT-REAL-NIN-001,SIMULATED confidential field,NOT-REAL-CONTACT-001
KMB-E002,Fictional Staff 002,710000,NOT-REAL-BANK-002,NOT-REAL-NIN-002,SIMULATED confidential field,NOT-REAL-CONTACT-002
KMB-E003,Fictional Staff 003,740000,NOT-REAL-BANK-003,NOT-REAL-NIN-003,SIMULATED confidential field,NOT-REAL-CONTACT-003
KMB-E004,Fictional Staff 004,770000,NOT-REAL-BANK-004,NOT-REAL-NIN-004,SIMULATED confidential field,NOT-REAL-CONTACT-004
KMB-E005,Fictional Staff 005,800000,NOT-REAL-BANK-005,NOT-REAL-NIN-005,SIMULATED confidential field,NOT-REAL-CONTACT-005
KMB-E006,Fictional Staff 006,830000,NOT-REAL-BANK-006,NOT-REAL-NIN-006,SIMULATED confidential field,NOT-REAL-CONTACT-006
KMB-E007,Fictional Staff 007,860000,NOT-REAL-BANK-007,NOT-REAL-NIN-007,SIMULATED confidential field,NOT-REAL-CONTACT-007
KMB-E008,Fictional Staff 008,890000,NOT-REAL-BANK-008,NOT-REAL-NIN-008,SIMULATED confidential field,NOT-REAL-CONTACT-008
KMB-E009,Fictional Staff 009,920000,NOT-REAL-BANK-009,NOT-REAL-NIN-009,SIMULATED confidential field,NOT-REAL-CONTACT-009
KMB-E010,Fictional Staff 010,950000,NOT-REAL-BANK-010,NOT-REAL-NIN-010,SIMULATED confidential field,NOT-REAL-CONTACT-010
KMB-E011,Fictional Staff 011,980000,NOT-REAL-BANK-011,NOT-REAL-NIN-011,SIMULATED confidential field,NOT-REAL-CONTACT-011
KMB-E012,Fictional Staff 012,1010000,NOT-REAL-BANK-012,NOT-REAL-NIN-012,SIMULATED confidential field,NOT-REAL-CONTACT-012
KMB-E013,Fictional Staff 013,1040000,NOT-REAL-BANK-013,NOT-REAL-NIN-013,SIMULATED confidential field,NOT-REAL-CONTACT-013
KMB-E014,Fictional Staff 014,1070000,NOT-REAL-BANK-014,NOT-REAL-NIN-014,SIMULATED confidential field,NOT-REAL-CONTACT-014
KMB-E015,Fictional Staff 015,1100000,NOT-REAL-BANK-015,NOT-REAL-NIN-015,SIMULATED confidential field,NOT-REAL-CONTACT-015
KMB-E016,Fictional Staff 016,1130000,NOT-REAL-BANK-016,NOT-REAL-NIN-016,SIMULATED confidential field,NOT-REAL-CONTACT-016
KMB-E017,Fictional Staff 017,1160000,NOT-REAL-BANK-017,NOT-REAL-NIN-017,SIMULATED confidential field,NOT-REAL-CONTACT-017
KMB-E018,Fictional Staff 018,1190000,NOT-REAL-BANK-018,NOT-REAL-NIN-018,SIMULATED confidential field,NOT-REAL-CONTACT-018
KMB-E019,Fictional Staff 019,1220000,NOT-REAL-BANK-019,NOT-REAL-NIN-019,SIMULATED confidential field,NOT-REAL-CONTACT-019
KMB-E020,Fictional Staff 020,1250000,NOT-REAL-BANK-020,NOT-REAL-NIN-020,SIMULATED confidential field,NOT-REAL-CONTACT-020
KMB-E021,Fictional Staff 021,1280000,NOT-REAL-BANK-021,NOT-REAL-NIN-021,SIMULATED confidential field,NOT-REAL-CONTACT-021
KMB-E022,Fictional Staff 022,1310000,NOT-REAL-BANK-022,NOT-REAL-NIN-022,SIMULATED confidential field,NOT-REAL-CONTACT-022
KMB-E023,Fictional Staff 023,1340000,NOT-REAL-BANK-023,NOT-REAL-NIN-023,SIMULATED confidential field,NOT-REAL-CONTACT-023
KMB-E024,Fictional Staff 024,1370000,NOT-REAL-BANK-024,NOT-REAL-NIN-024,SIMULATED confidential field,NOT-REAL-CONTACT-024
KMB-E025,Fictional Staff 025,1400000,NOT-REAL-BANK-025,NOT-REAL-NIN-025,SIMULATED confidential field,NOT-REAL-CONTACT-025
KMB-E026,Fictional Staff 026,1430000,NOT-REAL-BANK-026,NOT-REAL-NIN-026,SIMULATED confidential field,NOT-REAL-CONTACT-026
KMB-E027,Fictional Staff 027,1460000,NOT-REAL-BANK-027,NOT-REAL-NIN-027,SIMULATED confidential field,NOT-REAL-CONTACT-027
KMB-E028,Fictional Staff 028,1490000,NOT-REAL-BANK-028,NOT-REAL-NIN-028,SIMULATED confidential field,NOT-REAL-CONTACT-028
KMB-E029,Fictional Staff 029,1520000,NOT-REAL-BANK-029,NOT-REAL-NIN-029,SIMULATED confidential field,NOT-REAL-CONTACT-029
KMB-E030,Fictional Staff 030,1550000,NOT-REAL-BANK-030,NOT-REAL-NIN-030,SIMULATED confidential field,NOT-REAL-CONTACT-030
KMB-E031,Fictional Staff 031,1580000,NOT-REAL-BANK-031,NOT-REAL-NIN-031,SIMULATED confidential field,NOT-REAL-CONTACT-031
KMB-E032,Fictional Staff 032,1610000,NOT-REAL-BANK-032,NOT-REAL-NIN-032,SIMULATED confidential field,NOT-REAL-CONTACT-032
KMB-E033,Fictional Staff 033,1640000,NOT-REAL-BANK-033,NOT-REAL-NIN-033,SIMULATED confidential field,NOT-REAL-CONTACT-033
KMB-E034,Fictional Staff 034,1670000,NOT-REAL-BANK-034,NOT-REAL-NIN-034,SIMULATED confidential field,NOT-REAL-CONTACT-034
KMB-E035,Fictional Staff 035,1700000,NOT-REAL-BANK-035,NOT-REAL-NIN-035,SIMULATED confidential field,NOT-REAL-CONTACT-035
KMB-E036,Fictional Staff 036,1730000,NOT-REAL-BANK-036,NOT-REAL-NIN-036,SIMULATED confidential field,NOT-REAL-CONTACT-036
KMB-E037,Fictional Staff 037,1760000,NOT-REAL-BANK-037,NOT-REAL-NIN-037,SIMULATED confidential field,NOT-REAL-CONTACT-037
KMB-E038,Fictional Staff 038,1790000,NOT-REAL-BANK-038,NOT-REAL-NIN-038,SIMULATED confidential field,NOT-REAL-CONTACT-038
KMB-E039,Fictional Staff 039,1820000,NOT-REAL-BANK-039,NOT-REAL-NIN-039,SIMULATED confidential field,NOT-REAL-CONTACT-039
KMB-E040,Fictional Staff 040,1850000,NOT-REAL-BANK-040,NOT-REAL-NIN-040,SIMULATED confidential field,NOT-REAL-CONTACT-040
KMB-E041,Fictional Staff 041,1880000,NOT-REAL-BANK-041,NOT-REAL-NIN-041,SIMULATED confidential field,NOT-REAL-CONTACT-041
KMB-E042,Fictional Staff 042,1910000,NOT-REAL-BANK-042,NOT-REAL-NIN-042,SIMULATED confidential field,NOT-REAL-CONTACT-042
KMB-E043,Fictional Staff 043,1940000,NOT-REAL-BANK-043,NOT-REAL-NIN-043,SIMULATED confidential field,NOT-REAL-CONTACT-043
KMB-E044,Fictional Staff 044,1970000,NOT-REAL-BANK-044,NOT-REAL-NIN-044,SIMULATED confidential field,NOT-REAL-CONTACT-044
KMB-E045,Fictional Staff 045,2000000,NOT-REAL-BANK-045,NOT-REAL-NIN-045,SIMULATED confidential field,NOT-REAL-CONTACT-045
