supplier_id,name,email,country
KMB-SUP000,Fictional Vendor 000,vendor.kmb0@example.invalid,Uganda
KMB-SUP001,Fictional Vendor 001,vendor.kmb1@example.invalid,Uganda
KMB-SUP002,Fictional Vendor 002,vendor.kmb2@example.invalid,Uganda
KMB-SUP003,Fictional Vendor 003,vendor.kmb3@example.invalid,Uganda
KMB-SUP004,Fictional Vendor 004,vendor.kmb4@example.invalid,Uganda
KMB-SUP005,Fictional Vendor 005,vendor.kmb5@example.invalid,Uganda
KMB-SUP006,Fictional Vendor 006,vendor.kmb6@example.invalid,Uganda
KMB-SUP007,Fictional Vendor 007,vendor.kmb7@example.invalid,Uganda
KMB-SUP008,Fictional Vendor 008,vendor.kmb8@example.invalid,Uganda
KMB-SUP009,Fictional Vendor 009,vendor.kmb9@example.invalid,Uganda
KMB-SUP010,Fictional Vendor 010,vendor.kmb10@example.invalid,Uganda
KMB-SUP011,Fictional Vendor 011,vendor.kmb11@example.invalid,Uganda
KMB-SUP012,Fictional Vendor 012,vendor.kmb12@example.invalid,Uganda
KMB-SUP013,Fictional Vendor 013,vendor.kmb13@example.invalid,Uganda
KMB-SUP014,Fictional Vendor 014,vendor.kmb14@example.invalid,Uganda
KMB-SUP015,Fictional Vendor 015,vendor.kmb15@example.invalid,Uganda
KMB-SUP016,Fictional Vendor 016,vendor.kmb16@example.invalid,Uganda
KMB-SUP017,Fictional Vendor 017,vendor.kmb17@example.invalid,Uganda
KMB-SUP018,Fictional Vendor 018,vendor.kmb18@example.invalid,Uganda
KMB-SUP019,Fictional Vendor 019,vendor.kmb19@example.invalid,Uganda
KMB-SUP020,Fictional Vendor 020,vendor.kmb20@example.invalid,Uganda
KMB-SUP021,Fictional Vendor 021,vendor.kmb21@example.invalid,Uganda
KMB-SUP022,Fictional Vendor 022,vendor.kmb22@example.invalid,Uganda
KMB-SUP023,Fictional Vendor 023,vendor.kmb23@example.invalid,Uganda
KMB-SUP024,Fictional Vendor 024,vendor.kmb24@example.invalid,Uganda
KMB-SUP025,Fictional Vendor 025,vendor.kmb25@example.invalid,Uganda
KMB-SUP026,Fictional Vendor 026,vendor.kmb26@example.invalid,Uganda
KMB-SUP027,Fictional Vendor 027,vendor.kmb27@example.invalid,Uganda
KMB-SUP028,Fictional Vendor 028,vendor.kmb28@example.invalid,Uganda
KMB-SUP029,Fictional Vendor 029,vendor.kmb29@example.invalid,Uganda
KMB-SUP030,Fictional Vendor 030,vendor.kmb30@example.invalid,Uganda
KMB-SUP031,Fictional Vendor 031,vendor.kmb31@example.invalid,Uganda
KMB-SUP032,Fictional Vendor 032,vendor.kmb32@example.invalid,Uganda
KMB-SUP033,Fictional Vendor 033,vendor.kmb33@example.invalid,Uganda
KMB-SUP034,Fictional Vendor 034,vendor.kmb34@example.invalid,Uganda
KMB-SUP035,Fictional Vendor 035,vendor.kmb35@example.invalid,Uganda
KMB-SUP036,Fictional Vendor 036,vendor.kmb36@example.invalid,Uganda
KMB-SUP037,Fictional Vendor 037,vendor.kmb37@example.invalid,Uganda
KMB-SUP038,Fictional Vendor 038,vendor.kmb38@example.invalid,Uganda
KMB-SUP039,Fictional Vendor 039,vendor.kmb39@example.invalid,Uganda
KMB-SUP040,Fictional Vendor 040,vendor.kmb40@example.invalid,Uganda
KMB-SUP041,Fictional Vendor 041,vendor.kmb41@example.invalid,Uganda
KMB-SUP042,Fictional Vendor 042,vendor.kmb42@example.invalid,Uganda
KMB-SUP043,Fictional Vendor 043,vendor.kmb43@example.invalid,Uganda
KMB-SUP044,Fictional Vendor 044,vendor.kmb44@example.invalid,Uganda
KMB-SUP045,Fictional Vendor 045,vendor.kmb45@example.invalid,Uganda
KMB-SUP046,Fictional Vendor 046,vendor.kmb46@example.invalid,Uganda
KMB-SUP047,Fictional Vendor 047,vendor.kmb47@example.invalid,Uganda
KMB-SUP048,Fictional Vendor 048,vendor.kmb48@example.invalid,Uganda
KMB-SUP049,Fictional Vendor 049,vendor.kmb49@example.invalid,Uganda
KMB-SUP050,Fictional Vendor 050,vendor.kmb50@example.invalid,Uganda
KMB-SUP051,Fictional Vendor 051,vendor.kmb51@example.invalid,Uganda
KMB-SUP052,Fictional Vendor 052,vendor.kmb52@example.invalid,Uganda
KMB-SUP053,Fictional Vendor 053,vendor.kmb53@example.invalid,Uganda
KMB-SUP054,Fictional Vendor 054,vendor.kmb54@example.invalid,Uganda
KMB-SUP055,Fictional Vendor 055,vendor.kmb55@example.invalid,Uganda
KMB-SUP056,Fictional Vendor 056,vendor.kmb56@example.invalid,Uganda
KMB-SUP057,Fictional Vendor 057,vendor.kmb57@example.invalid,Uganda
KMB-SUP058,Fictional Vendor 058,vendor.kmb58@example.invalid,Uganda
KMB-SUP059,Fictional Vendor 059,vendor.kmb59@example.invalid,Uganda
KMB-SUP060,Fictional Vendor 060,vendor.kmb60@example.invalid,Uganda
KMB-SUP061,Fictional Vendor 061,vendor.kmb61@example.invalid,Uganda
KMB-SUP062,Fictional Vendor 062,vendor.kmb62@example.invalid,Uganda
KMB-SUP063,Fictional Vendor 063,vendor.kmb63@example.invalid,Uganda
KMB-SUP064,Fictional Vendor 064,vendor.kmb64@example.invalid,Uganda
KMB-SUP065,Fictional Vendor 065,vendor.kmb65@example.invalid,Uganda
KMB-SUP066,Fictional Vendor 066,vendor.kmb66@example.invalid,Uganda
KMB-SUP067,Fictional Vendor 067,vendor.kmb67@example.invalid,Uganda
KMB-SUP068,Fictional Vendor 068,vendor.kmb68@example.invalid,Uganda
KMB-SUP069,Fictional Vendor 069,vendor.kmb69@example.invalid,Uganda
KMB-SUP070,Fictional Vendor 070,vendor.kmb70@example.invalid,Uganda
KMB-SUP071,Fictional Vendor 071,vendor.kmb71@example.invalid,Uganda
KMB-SUP072,Fictional Vendor 072,vendor.kmb72@example.invalid,Uganda
KMB-SUP073,Fictional Vendor 073,vendor.kmb73@example.invalid,Uganda
KMB-SUP074,Fictional Vendor 074,vendor.kmb74@example.invalid,Uganda
KMB-SUP075,Fictional Vendor 075,vendor.kmb75@example.invalid,Uganda
KMB-SUP076,Fictional Vendor 076,vendor.kmb76@example.invalid,Uganda
KMB-SUP077,Fictional Vendor 077,vendor.kmb77@example.invalid,Uganda
KMB-SUP078,Fictional Vendor 078,vendor.kmb78@example.invalid,Uganda
KMB-SUP079,Fictional Vendor 079,vendor.kmb79@example.invalid,Uganda
