store_id,name,district
KMB-S01,Kampala Branch 01,Kampala
KMB-S02,Jinja Branch 02,Jinja
KMB-S03,Mbarara Branch 03,Mbarara
KMB-S04,Gulu Branch 04,Gulu
KMB-S05,Kampala Branch 05,Kampala
KMB-S06,Jinja Branch 06,Jinja
KMB-S07,Mbarara Branch 07,Mbarara
KMB-S08,Gulu Branch 08,Gulu
KMB-S09,Kampala Branch 09,Kampala
KMB-S10,Jinja Branch 10,Jinja
KMB-S11,Mbarara Branch 11,Mbarara
KMB-S12,Gulu Branch 12,Gulu
KMB-S13,Kampala Branch 13,Kampala
KMB-S14,Jinja Branch 14,Jinja
KMB-S15,Mbarara Branch 15,Mbarara
KMB-S16,Gulu Branch 16,Gulu
KMB-S17,Kampala Branch 17,Kampala
KMB-S18,Jinja Branch 18,Jinja
KMB-S19,Mbarara Branch 19,Mbarara
KMB-S20,Gulu Branch 20,Gulu
KMB-S21,Kampala Branch 21,Kampala
KMB-S22,Jinja Branch 22,Jinja
KMB-S23,Mbarara Branch 23,Mbarara
