customer_id,field,source
KMB-C00000,name,SIMULATED verified_contact_updates.csv
KMB-C00000,phone,SIMULATED verified_contact_updates.csv
KMB-C00000,email,SIMULATED verified_contact_updates.csv
KMB-C00000,district,SIMULATED verified_contact_updates.csv
KMB-C00014,phone,SIMULATED verified_contact_updates.csv
KMB-C00014,email,SIMULATED verified_contact_updates.csv
KMB-C00016,phone,SIMULATED verified_contact_updates.csv
KMB-C00021,email,SIMULATED verified_contact_updates.csv
KMB-C00025,district,SIMULATED verified_contact_updates.csv
KMB-C00028,phone,SIMULATED verified_contact_updates.csv
KMB-C00028,email,SIMULATED verified_contact_updates.csv
KMB-C00029,name,SIMULATED verified_contact_updates.csv
KMB-C00032,phone,SIMULATED verified_contact_updates.csv
KMB-C00042,phone,SIMULATED verified_contact_updates.csv
KMB-C00042,email,SIMULATED verified_contact_updates.csv
KMB-C00048,phone,SIMULATED verified_contact_updates.csv
KMB-C00050,district,SIMULATED verified_contact_updates.csv
KMB-C00056,phone,SIMULATED verified_contact_updates.csv
KMB-C00056,email,SIMULATED verified_contact_updates.csv
KMB-C00058,name,SIMULATED verified_contact_updates.csv
KMB-C00063,email,SIMULATED verified_contact_updates.csv
KMB-C00064,phone,SIMULATED verified_contact_updates.csv
KMB-C00070,phone,SIMULATED verified_contact_updates.csv
KMB-C00070,email,SIMULATED verified_contact_updates.csv
KMB-C00075,district,SIMULATED verified_contact_updates.csv
KMB-C00080,phone,SIMULATED verified_contact_updates.csv
KMB-C00084,phone,SIMULATED verified_contact_updates.csv
KMB-C00084,email,SIMULATED verified_contact_updates.csv
KMB-C00087,name,SIMULATED verified_contact_updates.csv
KMB-C00096,phone,SIMULATED verified_contact_updates.csv
KMB-C00098,phone,SIMULATED verified_contact_updates.csv
KMB-C00098,email,SIMULATED verified_contact_updates.csv
KMB-C00100,district,SIMULATED verified_contact_updates.csv
KMB-C00105,email,SIMULATED verified_contact_updates.csv
KMB-C00112,phone,SIMULATED verified_contact_updates.csv
KMB-C00112,email,SIMULATED verified_contact_updates.csv
KMB-C00116,name,SIMULATED verified_contact_updates.csv
KMB-C00125,district,SIMULATED verified_contact_updates.csv
KMB-C00126,phone,SIMULATED verified_contact_updates.csv
KMB-C00126,email,SIMULATED verified_contact_updates.csv
KMB-C00128,phone,SIMULATED verified_contact_updates.csv
KMB-C00140,phone,SIMULATED verified_contact_updates.csv
KMB-C00140,email,SIMULATED verified_contact_updates.csv
KMB-C00144,phone,SIMULATED verified_contact_updates.csv
KMB-C00145,name,SIMULATED verified_contact_updates.csv
KMB-C00147,email,SIMULATED verified_contact_updates.csv
KMB-C00150,district,SIMULATED verified_contact_updates.csv
KMB-C00154,phone,SIMULATED verified_contact_updates.csv
KMB-C00154,email,SIMULATED verified_contact_updates.csv
KMB-C00160,phone,SIMULATED verified_contact_updates.csv
KMB-C00168,phone,SIMULATED verified_contact_updates.csv
KMB-C00168,email,SIMULATED verified_contact_updates.csv
KMB-C00174,name,SIMULATED verified_contact_updates.csv
KMB-C00175,district,SIMULATED verified_contact_updates.csv
KMB-C00176,phone,SIMULATED verified_contact_updates.csv
KMB-C00182,phone,SIMULATED verified_contact_updates.csv
KMB-C00182,email,SIMULATED verified_contact_updates.csv
KMB-C00189,email,SIMULATED verified_contact_updates.csv
KMB-C00192,phone,SIMULATED verified_contact_updates.csv
KMB-C00196,phone,SIMULATED verified_contact_updates.csv
KMB-C00196,email,SIMULATED verified_contact_updates.csv
KMB-C00200,district,SIMULATED verified_contact_updates.csv
KMB-C00203,name,SIMULATED verified_contact_updates.csv
KMB-C00208,phone,SIMULATED verified_contact_updates.csv
KMB-C00210,phone,SIMULATED verified_contact_updates.csv
KMB-C00210,email,SIMULATED verified_contact_updates.csv
KMB-C00224,phone,SIMULATED verified_contact_updates.csv
KMB-C00224,email,SIMULATED verified_contact_updates.csv
KMB-C00225,district,SIMULATED verified_contact_updates.csv
KMB-C00231,email,SIMULATED verified_contact_updates.csv
KMB-C00232,name,SIMULATED verified_contact_updates.csv
KMB-C00238,phone,SIMULATED verified_contact_updates.csv
KMB-C00238,email,SIMULATED verified_contact_updates.csv
KMB-C00240,phone,SIMULATED verified_contact_updates.csv
KMB-C00250,district,SIMULATED verified_contact_updates.csv
KMB-C00252,phone,SIMULATED verified_contact_updates.csv
KMB-C00252,email,SIMULATED verified_contact_updates.csv
KMB-C00256,phone,SIMULATED verified_contact_updates.csv
KMB-C00261,name,SIMULATED verified_contact_updates.csv
KMB-C00266,phone,SIMULATED verified_contact_updates.csv
KMB-C00266,email,SIMULATED verified_contact_updates.csv
KMB-C00272,phone,SIMULATED verified_contact_updates.csv
KMB-C00273,email,SIMULATED verified_contact_updates.csv
KMB-C00275,district,SIMULATED verified_contact_updates.csv
KMB-C00280,phone,SIMULATED verified_contact_updates.csv
KMB-C00280,email,SIMULATED verified_contact_updates.csv
KMB-C00288,phone,SIMULATED verified_contact_updates.csv
KMB-C00290,name,SIMULATED verified_contact_updates.csv
KMB-C00294,phone,SIMULATED verified_contact_updates.csv
KMB-C00294,email,SIMULATED verified_contact_updates.csv
KMB-C00300,district,SIMULATED verified_contact_updates.csv
KMB-C00304,phone,SIMULATED verified_contact_updates.csv
KMB-C00308,phone,SIMULATED verified_contact_updates.csv
KMB-C00308,email,SIMULATED verified_contact_updates.csv
KMB-C00315,email,SIMULATED verified_contact_updates.csv
KMB-C00319,name,SIMULATED verified_contact_updates.csv
KMB-C00320,phone,SIMULATED verified_contact_updates.csv
KMB-C00322,phone,SIMULATED verified_contact_updates.csv
KMB-C00322,email,SIMULATED verified_contact_updates.csv
KMB-C00325,district,SIMULATED verified_contact_updates.csv
KMB-C00336,phone,SIMULATED verified_contact_updates.csv
KMB-C00336,email,SIMULATED verified_contact_updates.csv
KMB-C00348,name,SIMULATED verified_contact_updates.csv
KMB-C00350,phone,SIMULATED verified_contact_updates.csv
KMB-C00350,email,SIMULATED verified_contact_updates.csv
KMB-C00350,district,SIMULATED verified_contact_updates.csv
KMB-C00352,phone,SIMULATED verified_contact_updates.csv
KMB-C00357,email,SIMULATED verified_contact_updates.csv
KMB-C00364,phone,SIMULATED verified_contact_updates.csv
KMB-C00364,email,SIMULATED verified_contact_updates.csv
KMB-C00368,phone,SIMULATED verified_contact_updates.csv
KMB-C00375,district,SIMULATED verified_contact_updates.csv
KMB-C00377,name,SIMULATED verified_contact_updates.csv
KMB-C00378,phone,SIMULATED verified_contact_updates.csv
KMB-C00378,email,SIMULATED verified_contact_updates.csv
KMB-C00384,phone,SIMULATED verified_contact_updates.csv
KMB-C00392,phone,SIMULATED verified_contact_updates.csv
KMB-C00392,email,SIMULATED verified_contact_updates.csv
KMB-C00399,email,SIMULATED verified_contact_updates.csv
KMB-C00400,phone,SIMULATED verified_contact_updates.csv
KMB-C00400,district,SIMULATED verified_contact_updates.csv
KMB-C00406,name,SIMULATED verified_contact_updates.csv
KMB-C00406,phone,SIMULATED verified_contact_updates.csv
KMB-C00406,email,SIMULATED verified_contact_updates.csv
KMB-C00416,phone,SIMULATED verified_contact_updates.csv
KMB-C00420,phone,SIMULATED verified_contact_updates.csv
KMB-C00420,email,SIMULATED verified_contact_updates.csv
KMB-C00425,district,SIMULATED verified_contact_updates.csv
KMB-C00432,phone,SIMULATED verified_contact_updates.csv
KMB-C00434,phone,SIMULATED verified_contact_updates.csv
KMB-C00434,email,SIMULATED verified_contact_updates.csv
KMB-C00435,name,SIMULATED verified_contact_updates.csv
KMB-C00441,email,SIMULATED verified_contact_updates.csv
KMB-C00448,phone,SIMULATED verified_contact_updates.csv
KMB-C00448,email,SIMULATED verified_contact_updates.csv
KMB-C00450,district,SIMULATED verified_contact_updates.csv
KMB-C00462,phone,SIMULATED verified_contact_updates.csv
KMB-C00462,email,SIMULATED verified_contact_updates.csv
KMB-C00464,name,SIMULATED verified_contact_updates.csv
KMB-C00464,phone,SIMULATED verified_contact_updates.csv
KMB-C00475,district,SIMULATED verified_contact_updates.csv
KMB-C00476,phone,SIMULATED verified_contact_updates.csv
KMB-C00476,email,SIMULATED verified_contact_updates.csv
KMB-C00480,phone,SIMULATED verified_contact_updates.csv
KMB-C00483,email,SIMULATED verified_contact_updates.csv
KMB-C00490,phone,SIMULATED verified_contact_updates.csv
KMB-C00490,email,SIMULATED verified_contact_updates.csv
KMB-C00493,name,SIMULATED verified_contact_updates.csv
KMB-C00496,phone,SIMULATED verified_contact_updates.csv
KMB-C00500,district,SIMULATED verified_contact_updates.csv
KMB-C00504,phone,SIMULATED verified_contact_updates.csv
KMB-C00504,email,SIMULATED verified_contact_updates.csv
KMB-C00512,phone,SIMULATED verified_contact_updates.csv
KMB-C00518,phone,SIMULATED verified_contact_updates.csv
KMB-C00518,email,SIMULATED verified_contact_updates.csv
KMB-C00522,name,SIMULATED verified_contact_updates.csv
KMB-C00525,email,SIMULATED verified_contact_updates.csv
KMB-C00525,district,SIMULATED verified_contact_updates.csv
KMB-C00528,phone,SIMULATED verified_contact_updates.csv
KMB-C00532,phone,SIMULATED verified_contact_updates.csv
KMB-C00532,email,SIMULATED verified_contact_updates.csv
KMB-C00544,phone,SIMULATED verified_contact_updates.csv
KMB-C00546,phone,SIMULATED verified_contact_updates.csv
KMB-C00546,email,SIMULATED verified_contact_updates.csv
KMB-C00550,district,SIMULATED verified_contact_updates.csv
KMB-C00551,name,SIMULATED verified_contact_updates.csv
KMB-C00560,phone,SIMULATED verified_contact_updates.csv
KMB-C00560,email,SIMULATED verified_contact_updates.csv
KMB-C00567,email,SIMULATED verified_contact_updates.csv
KMB-C00574,phone,SIMULATED verified_contact_updates.csv
KMB-C00574,email,SIMULATED verified_contact_updates.csv
KMB-C00575,district,SIMULATED verified_contact_updates.csv
KMB-C00576,phone,SIMULATED verified_contact_updates.csv
KMB-C00580,name,SIMULATED verified_contact_updates.csv
KMB-C00588,phone,SIMULATED verified_contact_updates.csv
KMB-C00588,email,SIMULATED verified_contact_updates.csv
KMB-C00592,phone,SIMULATED verified_contact_updates.csv
KMB-C00600,district,SIMULATED verified_contact_updates.csv
KMB-C00602,phone,SIMULATED verified_contact_updates.csv
KMB-C00602,email,SIMULATED verified_contact_updates.csv
KMB-C00608,phone,SIMULATED verified_contact_updates.csv
KMB-C00609,name,SIMULATED verified_contact_updates.csv
KMB-C00609,email,SIMULATED verified_contact_updates.csv
KMB-C00616,phone,SIMULATED verified_contact_updates.csv
KMB-C00616,email,SIMULATED verified_contact_updates.csv
KMB-C00624,phone,SIMULATED verified_contact_updates.csv
KMB-C00625,district,SIMULATED verified_contact_updates.csv
KMB-C00630,phone,SIMULATED verified_contact_updates.csv
KMB-C00630,email,SIMULATED verified_contact_updates.csv
KMB-C00638,name,SIMULATED verified_contact_updates.csv
KMB-C00640,phone,SIMULATED verified_contact_updates.csv
KMB-C00644,phone,SIMULATED verified_contact_updates.csv
KMB-C00644,email,SIMULATED verified_contact_updates.csv
KMB-C00650,district,SIMULATED verified_contact_updates.csv
KMB-C00651,email,SIMULATED verified_contact_updates.csv
KMB-C00656,phone,SIMULATED verified_contact_updates.csv
KMB-C00658,phone,SIMULATED verified_contact_updates.csv
KMB-C00658,email,SIMULATED verified_contact_updates.csv
KMB-C00667,name,SIMULATED verified_contact_updates.csv
KMB-C00672,phone,SIMULATED verified_contact_updates.csv
KMB-C00672,email,SIMULATED verified_contact_updates.csv
KMB-C00675,district,SIMULATED verified_contact_updates.csv
KMB-C00686,phone,SIMULATED verified_contact_updates.csv
KMB-C00686,email,SIMULATED verified_contact_updates.csv
KMB-C00688,phone,SIMULATED verified_contact_updates.csv
KMB-C00693,email,SIMULATED verified_contact_updates.csv
KMB-C00696,name,SIMULATED verified_contact_updates.csv
KMB-C00700,phone,SIMULATED verified_contact_updates.csv
KMB-C00700,email,SIMULATED verified_contact_updates.csv
KMB-C00700,district,SIMULATED verified_contact_updates.csv
KMB-C00704,phone,SIMULATED verified_contact_updates.csv
KMB-C00714,phone,SIMULATED verified_contact_updates.csv
KMB-C00714,email,SIMULATED verified_contact_updates.csv
KMB-C00720,phone,SIMULATED verified_contact_updates.csv
KMB-C00725,name,SIMULATED verified_contact_updates.csv
KMB-C00725,district,SIMULATED verified_contact_updates.csv
KMB-C00728,phone,SIMULATED verified_contact_updates.csv
KMB-C00728,email,SIMULATED verified_contact_updates.csv
KMB-C00735,email,SIMULATED verified_contact_updates.csv
KMB-C00736,phone,SIMULATED verified_contact_updates.csv
KMB-C00742,phone,SIMULATED verified_contact_updates.csv
KMB-C00742,email,SIMULATED verified_contact_updates.csv
KMB-C00750,district,SIMULATED verified_contact_updates.csv
KMB-C00752,phone,SIMULATED verified_contact_updates.csv
KMB-C00754,name,SIMULATED verified_contact_updates.csv
KMB-C00756,phone,SIMULATED verified_contact_updates.csv
KMB-C00756,email,SIMULATED verified_contact_updates.csv
KMB-C00768,phone,SIMULATED verified_contact_updates.csv
KMB-C00770,phone,SIMULATED verified_contact_updates.csv
KMB-C00770,email,SIMULATED verified_contact_updates.csv
KMB-C00775,district,SIMULATED verified_contact_updates.csv
KMB-C00777,email,SIMULATED verified_contact_updates.csv
KMB-C00783,name,SIMULATED verified_contact_updates.csv
KMB-C00784,phone,SIMULATED verified_contact_updates.csv
KMB-C00784,email,SIMULATED verified_contact_updates.csv
KMB-C00798,phone,SIMULATED verified_contact_updates.csv
KMB-C00798,email,SIMULATED verified_contact_updates.csv
KMB-C00800,phone,SIMULATED verified_contact_updates.csv
KMB-C00800,district,SIMULATED verified_contact_updates.csv
KMB-C00812,name,SIMULATED verified_contact_updates.csv
KMB-C00812,phone,SIMULATED verified_contact_updates.csv
KMB-C00812,email,SIMULATED verified_contact_updates.csv
KMB-C00816,phone,SIMULATED verified_contact_updates.csv
KMB-C00819,email,SIMULATED verified_contact_updates.csv
KMB-C00825,district,SIMULATED verified_contact_updates.csv
KMB-C00826,phone,SIMULATED verified_contact_updates.csv
KMB-C00826,email,SIMULATED verified_contact_updates.csv
KMB-C00832,phone,SIMULATED verified_contact_updates.csv
KMB-C00840,phone,SIMULATED verified_contact_updates.csv
KMB-C00840,email,SIMULATED verified_contact_updates.csv
KMB-C00841,name,SIMULATED verified_contact_updates.csv
KMB-C00848,phone,SIMULATED verified_contact_updates.csv
KMB-C00850,district,SIMULATED verified_contact_updates.csv
KMB-C00854,phone,SIMULATED verified_contact_updates.csv
KMB-C00854,email,SIMULATED verified_contact_updates.csv
KMB-C00861,email,SIMULATED verified_contact_updates.csv
KMB-C00864,phone,SIMULATED verified_contact_updates.csv
KMB-C00868,phone,SIMULATED verified_contact_updates.csv
KMB-C00868,email,SIMULATED verified_contact_updates.csv
KMB-C00870,name,SIMULATED verified_contact_updates.csv
KMB-C00875,district,SIMULATED verified_contact_updates.csv
KMB-C00880,phone,SIMULATED verified_contact_updates.csv
KMB-C00882,phone,SIMULATED verified_contact_updates.csv
KMB-C00882,email,SIMULATED verified_contact_updates.csv
KMB-C00896,phone,SIMULATED verified_contact_updates.csv
KMB-C00896,email,SIMULATED verified_contact_updates.csv
KMB-C00899,name,SIMULATED verified_contact_updates.csv
KMB-C00900,district,SIMULATED verified_contact_updates.csv
KMB-C00903,email,SIMULATED verified_contact_updates.csv
KMB-C00910,phone,SIMULATED verified_contact_updates.csv
KMB-C00910,email,SIMULATED verified_contact_updates.csv
KMB-C00912,phone,SIMULATED verified_contact_updates.csv
KMB-C00924,phone,SIMULATED verified_contact_updates.csv
KMB-C00924,email,SIMULATED verified_contact_updates.csv
KMB-C00925,district,SIMULATED verified_contact_updates.csv
KMB-C00928,name,SIMULATED verified_contact_updates.csv
KMB-C00928,phone,SIMULATED verified_contact_updates.csv
KMB-C00938,phone,SIMULATED verified_contact_updates.csv
KMB-C00938,email,SIMULATED verified_contact_updates.csv
KMB-C00944,phone,SIMULATED verified_contact_updates.csv
KMB-C00945,email,SIMULATED verified_contact_updates.csv
KMB-C00950,district,SIMULATED verified_contact_updates.csv
KMB-C00952,phone,SIMULATED verified_contact_updates.csv
KMB-C00952,email,SIMULATED verified_contact_updates.csv
KMB-C00957,name,SIMULATED verified_contact_updates.csv
KMB-C00960,phone,SIMULATED verified_contact_updates.csv
KMB-C00966,phone,SIMULATED verified_contact_updates.csv
KMB-C00966,email,SIMULATED verified_contact_updates.csv
KMB-C00975,district,SIMULATED verified_contact_updates.csv
KMB-C00976,phone,SIMULATED verified_contact_updates.csv
KMB-C00980,phone,SIMULATED verified_contact_updates.csv
KMB-C00980,email,SIMULATED verified_contact_updates.csv
KMB-C00986,name,SIMULATED verified_contact_updates.csv
KMB-C00987,email,SIMULATED verified_contact_updates.csv
KMB-C00992,phone,SIMULATED verified_contact_updates.csv
KMB-C00994,phone,SIMULATED verified_contact_updates.csv
KMB-C00994,email,SIMULATED verified_contact_updates.csv
KMB-C01000,district,SIMULATED verified_contact_updates.csv
KMB-C01008,phone,SIMULATED verified_contact_updates.csv
KMB-C01008,email,SIMULATED verified_contact_updates.csv
KMB-C01015,name,SIMULATED verified_contact_updates.csv
KMB-C01022,phone,SIMULATED verified_contact_updates.csv
KMB-C01022,email,SIMULATED verified_contact_updates.csv
KMB-C01024,phone,SIMULATED verified_contact_updates.csv
KMB-C01025,district,SIMULATED verified_contact_updates.csv
KMB-C01029,email,SIMULATED verified_contact_updates.csv
KMB-C01036,phone,SIMULATED verified_contact_updates.csv
KMB-C01036,email,SIMULATED verified_contact_updates.csv
KMB-C01040,phone,SIMULATED verified_contact_updates.csv
KMB-C01044,name,SIMULATED verified_contact_updates.csv
KMB-C01050,phone,SIMULATED verified_contact_updates.csv
KMB-C01050,email,SIMULATED verified_contact_updates.csv
KMB-C01050,district,SIMULATED verified_contact_updates.csv
KMB-C01056,phone,SIMULATED verified_contact_updates.csv
KMB-C01064,phone,SIMULATED verified_contact_updates.csv
KMB-C01064,email,SIMULATED verified_contact_updates.csv
KMB-C01071,email,SIMULATED verified_contact_updates.csv
KMB-C01072,phone,SIMULATED verified_contact_updates.csv
KMB-C01073,name,SIMULATED verified_contact_updates.csv
KMB-C01075,district,SIMULATED verified_contact_updates.csv
KMB-C01078,phone,SIMULATED verified_contact_updates.csv
KMB-C01078,email,SIMULATED verified_contact_updates.csv
KMB-C01088,phone,SIMULATED verified_contact_updates.csv
KMB-C01092,phone,SIMULATED verified_contact_updates.csv
KMB-C01092,email,SIMULATED verified_contact_updates.csv
KMB-C01100,district,SIMULATED verified_contact_updates.csv
KMB-C01102,name,SIMULATED verified_contact_updates.csv
KMB-C01104,phone,SIMULATED verified_contact_updates.csv
KMB-C01106,phone,SIMULATED verified_contact_updates.csv
KMB-C01106,email,SIMULATED verified_contact_updates.csv
KMB-C01113,email,SIMULATED verified_contact_updates.csv
KMB-C01120,phone,SIMULATED verified_contact_updates.csv
KMB-C01120,email,SIMULATED verified_contact_updates.csv
KMB-C01125,district,SIMULATED verified_contact_updates.csv
KMB-C01131,name,SIMULATED verified_contact_updates.csv
KMB-C01134,phone,SIMULATED verified_contact_updates.csv
KMB-C01134,email,SIMULATED verified_contact_updates.csv
KMB-C01136,phone,SIMULATED verified_contact_updates.csv
KMB-C01148,phone,SIMULATED verified_contact_updates.csv
KMB-C01148,email,SIMULATED verified_contact_updates.csv
KMB-C01150,district,SIMULATED verified_contact_updates.csv
KMB-C01152,phone,SIMULATED verified_contact_updates.csv
KMB-C01155,email,SIMULATED verified_contact_updates.csv
KMB-C01160,name,SIMULATED verified_contact_updates.csv
KMB-C01162,phone,SIMULATED verified_contact_updates.csv
KMB-C01162,email,SIMULATED verified_contact_updates.csv
KMB-C01168,phone,SIMULATED verified_contact_updates.csv
KMB-C01175,district,SIMULATED verified_contact_updates.csv
KMB-C01176,phone,SIMULATED verified_contact_updates.csv
KMB-C01176,email,SIMULATED verified_contact_updates.csv
KMB-C01184,phone,SIMULATED verified_contact_updates.csv
KMB-C01189,name,SIMULATED verified_contact_updates.csv
KMB-C01190,phone,SIMULATED verified_contact_updates.csv
KMB-C01190,email,SIMULATED verified_contact_updates.csv
KMB-C01197,email,SIMULATED verified_contact_updates.csv
KMB-C01200,phone,SIMULATED verified_contact_updates.csv
KMB-C01200,district,SIMULATED verified_contact_updates.csv
KMB-C01204,phone,SIMULATED verified_contact_updates.csv
KMB-C01204,email,SIMULATED verified_contact_updates.csv
KMB-C01216,phone,SIMULATED verified_contact_updates.csv
KMB-C01218,name,SIMULATED verified_contact_updates.csv
KMB-C01218,phone,SIMULATED verified_contact_updates.csv
KMB-C01218,email,SIMULATED verified_contact_updates.csv
KMB-C01225,district,SIMULATED verified_contact_updates.csv
KMB-C01232,phone,SIMULATED verified_contact_updates.csv
KMB-C01232,email,SIMULATED verified_contact_updates.csv
KMB-C01239,email,SIMULATED verified_contact_updates.csv
KMB-C01246,phone,SIMULATED verified_contact_updates.csv
KMB-C01246,email,SIMULATED verified_contact_updates.csv
KMB-C01247,name,SIMULATED verified_contact_updates.csv
KMB-C01248,phone,SIMULATED verified_contact_updates.csv
KMB-C01250,district,SIMULATED verified_contact_updates.csv
KMB-C01260,phone,SIMULATED verified_contact_updates.csv
KMB-C01260,email,SIMULATED verified_contact_updates.csv
KMB-C01264,phone,SIMULATED verified_contact_updates.csv
KMB-C01274,phone,SIMULATED verified_contact_updates.csv
KMB-C01274,email,SIMULATED verified_contact_updates.csv
KMB-C01275,district,SIMULATED verified_contact_updates.csv
KMB-C01276,name,SIMULATED verified_contact_updates.csv
KMB-C01280,phone,SIMULATED verified_contact_updates.csv
KMB-C01281,email,SIMULATED verified_contact_updates.csv
KMB-C01288,phone,SIMULATED verified_contact_updates.csv
KMB-C01288,email,SIMULATED verified_contact_updates.csv
KMB-C01296,phone,SIMULATED verified_contact_updates.csv
KMB-C01300,district,SIMULATED verified_contact_updates.csv
KMB-C01302,phone,SIMULATED verified_contact_updates.csv
KMB-C01302,email,SIMULATED verified_contact_updates.csv
KMB-C01305,name,SIMULATED verified_contact_updates.csv
KMB-C01312,phone,SIMULATED verified_contact_updates.csv
KMB-C01316,phone,SIMULATED verified_contact_updates.csv
KMB-C01316,email,SIMULATED verified_contact_updates.csv
KMB-C01323,email,SIMULATED verified_contact_updates.csv
KMB-C01325,district,SIMULATED verified_contact_updates.csv
KMB-C01328,phone,SIMULATED verified_contact_updates.csv
KMB-C01330,phone,SIMULATED verified_contact_updates.csv
KMB-C01330,email,SIMULATED verified_contact_updates.csv
KMB-C01334,name,SIMULATED verified_contact_updates.csv
KMB-C01344,phone,SIMULATED verified_contact_updates.csv
KMB-C01344,email,SIMULATED verified_contact_updates.csv
KMB-C01350,district,SIMULATED verified_contact_updates.csv
KMB-C01358,phone,SIMULATED verified_contact_updates.csv
KMB-C01358,email,SIMULATED verified_contact_updates.csv
KMB-C01360,phone,SIMULATED verified_contact_updates.csv
KMB-C01363,name,SIMULATED verified_contact_updates.csv
KMB-C01365,email,SIMULATED verified_contact_updates.csv
KMB-C01372,phone,SIMULATED verified_contact_updates.csv
KMB-C01372,email,SIMULATED verified_contact_updates.csv
KMB-C01375,district,SIMULATED verified_contact_updates.csv
KMB-C01376,phone,SIMULATED verified_contact_updates.csv
KMB-C01386,phone,SIMULATED verified_contact_updates.csv
KMB-C01386,email,SIMULATED verified_contact_updates.csv
KMB-C01392,name,SIMULATED verified_contact_updates.csv
KMB-C01392,phone,SIMULATED verified_contact_updates.csv
KMB-C01400,phone,SIMULATED verified_contact_updates.csv
KMB-C01400,email,SIMULATED verified_contact_updates.csv
KMB-C01400,district,SIMULATED verified_contact_updates.csv
KMB-C01407,email,SIMULATED verified_contact_updates.csv
KMB-C01408,phone,SIMULATED verified_contact_updates.csv
KMB-C01414,phone,SIMULATED verified_contact_updates.csv
KMB-C01414,email,SIMULATED verified_contact_updates.csv
KMB-C01421,name,SIMULATED verified_contact_updates.csv
KMB-C01424,phone,SIMULATED verified_contact_updates.csv
KMB-C01425,district,SIMULATED verified_contact_updates.csv
KMB-C01428,phone,SIMULATED verified_contact_updates.csv
KMB-C01428,email,SIMULATED verified_contact_updates.csv
KMB-C01440,phone,SIMULATED verified_contact_updates.csv
KMB-C01442,phone,SIMULATED verified_contact_updates.csv
KMB-C01442,email,SIMULATED verified_contact_updates.csv
KMB-C01449,email,SIMULATED verified_contact_updates.csv
KMB-C01450,name,SIMULATED verified_contact_updates.csv
KMB-C01450,district,SIMULATED verified_contact_updates.csv
KMB-C01456,phone,SIMULATED verified_contact_updates.csv
KMB-C01456,email,SIMULATED verified_contact_updates.csv
KMB-C01470,phone,SIMULATED verified_contact_updates.csv
KMB-C01470,email,SIMULATED verified_contact_updates.csv
KMB-C01472,phone,SIMULATED verified_contact_updates.csv
KMB-C01475,district,SIMULATED verified_contact_updates.csv
KMB-C01479,name,SIMULATED verified_contact_updates.csv
KMB-C01484,phone,SIMULATED verified_contact_updates.csv
KMB-C01484,email,SIMULATED verified_contact_updates.csv
KMB-C01488,phone,SIMULATED verified_contact_updates.csv
KMB-C01491,email,SIMULATED verified_contact_updates.csv
KMB-C01498,phone,SIMULATED verified_contact_updates.csv
KMB-C01498,email,SIMULATED verified_contact_updates.csv
KMB-C01500,district,SIMULATED verified_contact_updates.csv
KMB-C01504,phone,SIMULATED verified_contact_updates.csv
KMB-C01508,name,SIMULATED verified_contact_updates.csv
KMB-C01512,phone,SIMULATED verified_contact_updates.csv
KMB-C01512,email,SIMULATED verified_contact_updates.csv
KMB-C01520,phone,SIMULATED verified_contact_updates.csv
KMB-C01525,district,SIMULATED verified_contact_updates.csv
KMB-C01526,phone,SIMULATED verified_contact_updates.csv
KMB-C01526,email,SIMULATED verified_contact_updates.csv
KMB-C01533,email,SIMULATED verified_contact_updates.csv
KMB-C01536,phone,SIMULATED verified_contact_updates.csv
KMB-C01537,name,SIMULATED verified_contact_updates.csv
KMB-C01540,phone,SIMULATED verified_contact_updates.csv
KMB-C01540,email,SIMULATED verified_contact_updates.csv
KMB-C01550,district,SIMULATED verified_contact_updates.csv
KMB-C01552,phone,SIMULATED verified_contact_updates.csv
KMB-C01554,phone,SIMULATED verified_contact_updates.csv
KMB-C01554,email,SIMULATED verified_contact_updates.csv
KMB-C01566,name,SIMULATED verified_contact_updates.csv
KMB-C01568,phone,SIMULATED verified_contact_updates.csv
KMB-C01568,email,SIMULATED verified_contact_updates.csv
KMB-C01575,email,SIMULATED verified_contact_updates.csv
KMB-C01575,district,SIMULATED verified_contact_updates.csv
KMB-C01582,phone,SIMULATED verified_contact_updates.csv
KMB-C01582,email,SIMULATED verified_contact_updates.csv
KMB-C01584,phone,SIMULATED verified_contact_updates.csv
KMB-C01595,name,SIMULATED verified_contact_updates.csv
KMB-C01596,phone,SIMULATED verified_contact_updates.csv
KMB-C01596,email,SIMULATED verified_contact_updates.csv
KMB-C01600,phone,SIMULATED verified_contact_updates.csv
KMB-C01600,district,SIMULATED verified_contact_updates.csv
KMB-C01610,phone,SIMULATED verified_contact_updates.csv
KMB-C01610,email,SIMULATED verified_contact_updates.csv
KMB-C01616,phone,SIMULATED verified_contact_updates.csv
KMB-C01617,email,SIMULATED verified_contact_updates.csv
KMB-C01624,name,SIMULATED verified_contact_updates.csv
KMB-C01624,phone,SIMULATED verified_contact_updates.csv
KMB-C01624,email,SIMULATED verified_contact_updates.csv
KMB-C01625,district,SIMULATED verified_contact_updates.csv
KMB-C01632,phone,SIMULATED verified_contact_updates.csv
KMB-C01638,phone,SIMULATED verified_contact_updates.csv
KMB-C01638,email,SIMULATED verified_contact_updates.csv
KMB-C01648,phone,SIMULATED verified_contact_updates.csv
KMB-C01650,district,SIMULATED verified_contact_updates.csv
KMB-C01652,phone,SIMULATED verified_contact_updates.csv
KMB-C01652,email,SIMULATED verified_contact_updates.csv
KMB-C01653,name,SIMULATED verified_contact_updates.csv
KMB-C01659,email,SIMULATED verified_contact_updates.csv
KMB-C01664,phone,SIMULATED verified_contact_updates.csv
KMB-C01666,phone,SIMULATED verified_contact_updates.csv
KMB-C01666,email,SIMULATED verified_contact_updates.csv
KMB-C01675,district,SIMULATED verified_contact_updates.csv
KMB-C01680,phone,SIMULATED verified_contact_updates.csv
KMB-C01680,email,SIMULATED verified_contact_updates.csv
KMB-C01682,name,SIMULATED verified_contact_updates.csv
KMB-C01694,phone,SIMULATED verified_contact_updates.csv
KMB-C01694,email,SIMULATED verified_contact_updates.csv
KMB-C01696,phone,SIMULATED verified_contact_updates.csv
KMB-C01700,district,SIMULATED verified_contact_updates.csv
KMB-C01701,email,SIMULATED verified_contact_updates.csv
KMB-C01708,phone,SIMULATED verified_contact_updates.csv
KMB-C01708,email,SIMULATED verified_contact_updates.csv
KMB-C01711,name,SIMULATED verified_contact_updates.csv
KMB-C01712,phone,SIMULATED verified_contact_updates.csv
KMB-C01722,phone,SIMULATED verified_contact_updates.csv
KMB-C01722,email,SIMULATED verified_contact_updates.csv
KMB-C01725,district,SIMULATED verified_contact_updates.csv
KMB-C01728,phone,SIMULATED verified_contact_updates.csv
KMB-C01736,phone,SIMULATED verified_contact_updates.csv
KMB-C01736,email,SIMULATED verified_contact_updates.csv
KMB-C01740,name,SIMULATED verified_contact_updates.csv
KMB-C01743,email,SIMULATED verified_contact_updates.csv
KMB-C01744,phone,SIMULATED verified_contact_updates.csv
KMB-C01750,phone,SIMULATED verified_contact_updates.csv
KMB-C01750,email,SIMULATED verified_contact_updates.csv
KMB-C01750,district,SIMULATED verified_contact_updates.csv
KMB-C01760,phone,SIMULATED verified_contact_updates.csv
KMB-C01764,phone,SIMULATED verified_contact_updates.csv
KMB-C01764,email,SIMULATED verified_contact_updates.csv
KMB-C01769,name,SIMULATED verified_contact_updates.csv
KMB-C01775,district,SIMULATED verified_contact_updates.csv
KMB-C01776,phone,SIMULATED verified_contact_updates.csv
KMB-C01778,phone,SIMULATED verified_contact_updates.csv
KMB-C01778,email,SIMULATED verified_contact_updates.csv
KMB-C01785,email,SIMULATED verified_contact_updates.csv
KMB-C01792,phone,SIMULATED verified_contact_updates.csv
KMB-C01792,email,SIMULATED verified_contact_updates.csv
KMB-C01798,name,SIMULATED verified_contact_updates.csv
KMB-C01800,district,SIMULATED verified_contact_updates.csv
KMB-C01806,phone,SIMULATED verified_contact_updates.csv
KMB-C01806,email,SIMULATED verified_contact_updates.csv
KMB-C01808,phone,SIMULATED verified_contact_updates.csv
KMB-C01820,phone,SIMULATED verified_contact_updates.csv
KMB-C01820,email,SIMULATED verified_contact_updates.csv
KMB-C01824,phone,SIMULATED verified_contact_updates.csv
KMB-C01825,district,SIMULATED verified_contact_updates.csv
KMB-C01827,name,SIMULATED verified_contact_updates.csv
KMB-C01827,email,SIMULATED verified_contact_updates.csv
KMB-C01834,phone,SIMULATED verified_contact_updates.csv
KMB-C01834,email,SIMULATED verified_contact_updates.csv
KMB-C01840,phone,SIMULATED verified_contact_updates.csv
KMB-C01848,phone,SIMULATED verified_contact_updates.csv
KMB-C01848,email,SIMULATED verified_contact_updates.csv
KMB-C01850,district,SIMULATED verified_contact_updates.csv
KMB-C01856,name,SIMULATED verified_contact_updates.csv
KMB-C01856,phone,SIMULATED verified_contact_updates.csv
KMB-C01862,phone,SIMULATED verified_contact_updates.csv
KMB-C01862,email,SIMULATED verified_contact_updates.csv
KMB-C01869,email,SIMULATED verified_contact_updates.csv
KMB-C01872,phone,SIMULATED verified_contact_updates.csv
KMB-C01875,district,SIMULATED verified_contact_updates.csv
KMB-C01876,phone,SIMULATED verified_contact_updates.csv
KMB-C01876,email,SIMULATED verified_contact_updates.csv
KMB-C01885,name,SIMULATED verified_contact_updates.csv
KMB-C01888,phone,SIMULATED verified_contact_updates.csv
KMB-C01890,phone,SIMULATED verified_contact_updates.csv
KMB-C01890,email,SIMULATED verified_contact_updates.csv
KMB-C01900,district,SIMULATED verified_contact_updates.csv
KMB-C01904,phone,SIMULATED verified_contact_updates.csv
KMB-C01904,email,SIMULATED verified_contact_updates.csv
KMB-C01911,email,SIMULATED verified_contact_updates.csv
KMB-C01914,name,SIMULATED verified_contact_updates.csv
KMB-C01918,phone,SIMULATED verified_contact_updates.csv
KMB-C01918,email,SIMULATED verified_contact_updates.csv
KMB-C01920,phone,SIMULATED verified_contact_updates.csv
KMB-C01925,district,SIMULATED verified_contact_updates.csv
KMB-C01932,phone,SIMULATED verified_contact_updates.csv
KMB-C01932,email,SIMULATED verified_contact_updates.csv
KMB-C01936,phone,SIMULATED verified_contact_updates.csv
KMB-C01943,name,SIMULATED verified_contact_updates.csv
KMB-C01946,phone,SIMULATED verified_contact_updates.csv
KMB-C01946,email,SIMULATED verified_contact_updates.csv
KMB-C01950,district,SIMULATED verified_contact_updates.csv
KMB-C01952,phone,SIMULATED verified_contact_updates.csv
KMB-C01953,email,SIMULATED verified_contact_updates.csv
KMB-C01960,phone,SIMULATED verified_contact_updates.csv
KMB-C01960,email,SIMULATED verified_contact_updates.csv
KMB-C01968,phone,SIMULATED verified_contact_updates.csv
KMB-C01972,name,SIMULATED verified_contact_updates.csv
KMB-C01974,phone,SIMULATED verified_contact_updates.csv
KMB-C01974,email,SIMULATED verified_contact_updates.csv
KMB-C01975,district,SIMULATED verified_contact_updates.csv
KMB-C01984,phone,SIMULATED verified_contact_updates.csv
KMB-C01988,phone,SIMULATED verified_contact_updates.csv
KMB-C01988,email,SIMULATED verified_contact_updates.csv
KMB-C01995,email,SIMULATED verified_contact_updates.csv
KMB-C02000,phone,SIMULATED verified_contact_updates.csv
KMB-C02000,district,SIMULATED verified_contact_updates.csv
KMB-C02001,name,SIMULATED verified_contact_updates.csv
KMB-C02002,phone,SIMULATED verified_contact_updates.csv
KMB-C02002,email,SIMULATED verified_contact_updates.csv
KMB-C02016,phone,SIMULATED verified_contact_updates.csv
KMB-C02016,email,SIMULATED verified_contact_updates.csv
KMB-C02025,district,SIMULATED verified_contact_updates.csv
KMB-C02030,name,SIMULATED verified_contact_updates.csv
KMB-C02030,phone,SIMULATED verified_contact_updates.csv
KMB-C02030,email,SIMULATED verified_contact_updates.csv
KMB-C02032,phone,SIMULATED verified_contact_updates.csv
KMB-C02037,email,SIMULATED verified_contact_updates.csv
KMB-C02044,phone,SIMULATED verified_contact_updates.csv
KMB-C02044,email,SIMULATED verified_contact_updates.csv
KMB-C02048,phone,SIMULATED verified_contact_updates.csv
KMB-C02050,district,SIMULATED verified_contact_updates.csv
KMB-C02058,phone,SIMULATED verified_contact_updates.csv
KMB-C02058,email,SIMULATED verified_contact_updates.csv
KMB-C02059,name,SIMULATED verified_contact_updates.csv
KMB-C02064,phone,SIMULATED verified_contact_updates.csv
KMB-C02072,phone,SIMULATED verified_contact_updates.csv
KMB-C02072,email,SIMULATED verified_contact_updates.csv
KMB-C02075,district,SIMULATED verified_contact_updates.csv
KMB-C02079,email,SIMULATED verified_contact_updates.csv
KMB-C02080,phone,SIMULATED verified_contact_updates.csv
KMB-C02086,phone,SIMULATED verified_contact_updates.csv
KMB-C02086,email,SIMULATED verified_contact_updates.csv
KMB-C02088,name,SIMULATED verified_contact_updates.csv
KMB-C02096,phone,SIMULATED verified_contact_updates.csv
KMB-C02100,phone,SIMULATED verified_contact_updates.csv
KMB-C02100,email,SIMULATED verified_contact_updates.csv
KMB-C02100,district,SIMULATED verified_contact_updates.csv
KMB-C02112,phone,SIMULATED verified_contact_updates.csv
KMB-C02114,phone,SIMULATED verified_contact_updates.csv
KMB-C02114,email,SIMULATED verified_contact_updates.csv
KMB-C02117,name,SIMULATED verified_contact_updates.csv
KMB-C02121,email,SIMULATED verified_contact_updates.csv
KMB-C02125,district,SIMULATED verified_contact_updates.csv
KMB-C02128,phone,SIMULATED verified_contact_updates.csv
KMB-C02128,email,SIMULATED verified_contact_updates.csv
KMB-C02142,phone,SIMULATED verified_contact_updates.csv
KMB-C02142,email,SIMULATED verified_contact_updates.csv
KMB-C02144,phone,SIMULATED verified_contact_updates.csv
KMB-C02146,name,SIMULATED verified_contact_updates.csv
KMB-C02150,district,SIMULATED verified_contact_updates.csv
KMB-C02156,phone,SIMULATED verified_contact_updates.csv
KMB-C02156,email,SIMULATED verified_contact_updates.csv
KMB-C02160,phone,SIMULATED verified_contact_updates.csv
KMB-C02163,email,SIMULATED verified_contact_updates.csv
KMB-C02170,phone,SIMULATED verified_contact_updates.csv
KMB-C02170,email,SIMULATED verified_contact_updates.csv
KMB-C02175,name,SIMULATED verified_contact_updates.csv
KMB-C02175,district,SIMULATED verified_contact_updates.csv
KMB-C02176,phone,SIMULATED verified_contact_updates.csv
KMB-C02184,phone,SIMULATED verified_contact_updates.csv
KMB-C02184,email,SIMULATED verified_contact_updates.csv
KMB-C02192,phone,SIMULATED verified_contact_updates.csv
KMB-C02198,phone,SIMULATED verified_contact_updates.csv
KMB-C02198,email,SIMULATED verified_contact_updates.csv
KMB-C02200,district,SIMULATED verified_contact_updates.csv
KMB-C02204,name,SIMULATED verified_contact_updates.csv
KMB-C02205,email,SIMULATED verified_contact_updates.csv
KMB-C02208,phone,SIMULATED verified_contact_updates.csv
KMB-C02212,phone,SIMULATED verified_contact_updates.csv
KMB-C02212,email,SIMULATED verified_contact_updates.csv
KMB-C02224,phone,SIMULATED verified_contact_updates.csv
KMB-C02225,district,SIMULATED verified_contact_updates.csv
KMB-C02226,phone,SIMULATED verified_contact_updates.csv
KMB-C02226,email,SIMULATED verified_contact_updates.csv
KMB-C02233,name,SIMULATED verified_contact_updates.csv
KMB-C02240,phone,SIMULATED verified_contact_updates.csv
KMB-C02240,email,SIMULATED verified_contact_updates.csv
KMB-C02247,email,SIMULATED verified_contact_updates.csv
KMB-C02250,district,SIMULATED verified_contact_updates.csv
KMB-C02254,phone,SIMULATED verified_contact_updates.csv
KMB-C02254,email,SIMULATED verified_contact_updates.csv
KMB-C02256,phone,SIMULATED verified_contact_updates.csv
KMB-C02262,name,SIMULATED verified_contact_updates.csv
KMB-C02268,phone,SIMULATED verified_contact_updates.csv
KMB-C02268,email,SIMULATED verified_contact_updates.csv
KMB-C02272,phone,SIMULATED verified_contact_updates.csv
KMB-C02275,district,SIMULATED verified_contact_updates.csv
KMB-C02282,phone,SIMULATED verified_contact_updates.csv
KMB-C02282,email,SIMULATED verified_contact_updates.csv
KMB-C02288,phone,SIMULATED verified_contact_updates.csv
KMB-C02289,email,SIMULATED verified_contact_updates.csv
KMB-C02291,name,SIMULATED verified_contact_updates.csv
KMB-C02296,phone,SIMULATED verified_contact_updates.csv
KMB-C02296,email,SIMULATED verified_contact_updates.csv
KMB-C02300,district,SIMULATED verified_contact_updates.csv
KMB-C02304,phone,SIMULATED verified_contact_updates.csv
KMB-C02310,phone,SIMULATED verified_contact_updates.csv
KMB-C02310,email,SIMULATED verified_contact_updates.csv
KMB-C02320,name,SIMULATED verified_contact_updates.csv
KMB-C02320,phone,SIMULATED verified_contact_updates.csv
KMB-C02324,phone,SIMULATED verified_contact_updates.csv
KMB-C02324,email,SIMULATED verified_contact_updates.csv
KMB-C02325,district,SIMULATED verified_contact_updates.csv
KMB-C02331,email,SIMULATED verified_contact_updates.csv
KMB-C02336,phone,SIMULATED verified_contact_updates.csv
KMB-C02338,phone,SIMULATED verified_contact_updates.csv
KMB-C02338,email,SIMULATED verified_contact_updates.csv
KMB-C02349,name,SIMULATED verified_contact_updates.csv
KMB-C02350,district,SIMULATED verified_contact_updates.csv
KMB-C02352,phone,SIMULATED verified_contact_updates.csv
KMB-C02352,email,SIMULATED verified_contact_updates.csv
KMB-C02366,phone,SIMULATED verified_contact_updates.csv
KMB-C02366,email,SIMULATED verified_contact_updates.csv
KMB-C02368,phone,SIMULATED verified_contact_updates.csv
KMB-C02373,email,SIMULATED verified_contact_updates.csv
KMB-C02375,district,SIMULATED verified_contact_updates.csv
KMB-C02378,name,SIMULATED verified_contact_updates.csv
KMB-C02380,phone,SIMULATED verified_contact_updates.csv
KMB-C02380,email,SIMULATED verified_contact_updates.csv
KMB-C02384,phone,SIMULATED verified_contact_updates.csv
KMB-C02394,phone,SIMULATED verified_contact_updates.csv
KMB-C02394,email,SIMULATED verified_contact_updates.csv
KMB-C02400,phone,SIMULATED verified_contact_updates.csv
KMB-C02400,district,SIMULATED verified_contact_updates.csv
KMB-C02407,name,SIMULATED verified_contact_updates.csv
KMB-C02408,phone,SIMULATED verified_contact_updates.csv
KMB-C02408,email,SIMULATED verified_contact_updates.csv
KMB-C02415,email,SIMULATED verified_contact_updates.csv
KMB-C02416,phone,SIMULATED verified_contact_updates.csv
KMB-C02422,phone,SIMULATED verified_contact_updates.csv
KMB-C02422,email,SIMULATED verified_contact_updates.csv
KMB-C02425,district,SIMULATED verified_contact_updates.csv
KMB-C02432,phone,SIMULATED verified_contact_updates.csv
KMB-C02436,name,SIMULATED verified_contact_updates.csv
KMB-C02436,phone,SIMULATED verified_contact_updates.csv
KMB-C02436,email,SIMULATED verified_contact_updates.csv
KMB-C02448,phone,SIMULATED verified_contact_updates.csv
KMB-C02450,phone,SIMULATED verified_contact_updates.csv
KMB-C02450,email,SIMULATED verified_contact_updates.csv
KMB-C02450,district,SIMULATED verified_contact_updates.csv
KMB-C02457,email,SIMULATED verified_contact_updates.csv
KMB-C02464,phone,SIMULATED verified_contact_updates.csv
KMB-C02464,email,SIMULATED verified_contact_updates.csv
KMB-C02465,name,SIMULATED verified_contact_updates.csv
KMB-C02475,district,SIMULATED verified_contact_updates.csv
KMB-C02478,phone,SIMULATED verified_contact_updates.csv
KMB-C02478,email,SIMULATED verified_contact_updates.csv
KMB-C02480,phone,SIMULATED verified_contact_updates.csv
KMB-C02492,phone,SIMULATED verified_contact_updates.csv
KMB-C02492,email,SIMULATED verified_contact_updates.csv
KMB-C02494,name,SIMULATED verified_contact_updates.csv
KMB-C02496,phone,SIMULATED verified_contact_updates.csv
KMB-C02499,email,SIMULATED verified_contact_updates.csv
KMB-C02500,district,SIMULATED verified_contact_updates.csv
KMB-C02506,phone,SIMULATED verified_contact_updates.csv
KMB-C02506,email,SIMULATED verified_contact_updates.csv
KMB-C02512,phone,SIMULATED verified_contact_updates.csv
KMB-C02520,phone,SIMULATED verified_contact_updates.csv
KMB-C02520,email,SIMULATED verified_contact_updates.csv
KMB-C02523,name,SIMULATED verified_contact_updates.csv
KMB-C02525,district,SIMULATED verified_contact_updates.csv
KMB-C02528,phone,SIMULATED verified_contact_updates.csv
KMB-C02534,phone,SIMULATED verified_contact_updates.csv
KMB-C02534,email,SIMULATED verified_contact_updates.csv
KMB-C02541,email,SIMULATED verified_contact_updates.csv
KMB-C02544,phone,SIMULATED verified_contact_updates.csv
KMB-C02548,phone,SIMULATED verified_contact_updates.csv
KMB-C02548,email,SIMULATED verified_contact_updates.csv
KMB-C02550,district,SIMULATED verified_contact_updates.csv
KMB-C02552,name,SIMULATED verified_contact_updates.csv
KMB-C02560,phone,SIMULATED verified_contact_updates.csv
KMB-C02562,phone,SIMULATED verified_contact_updates.csv
KMB-C02562,email,SIMULATED verified_contact_updates.csv
KMB-C02575,district,SIMULATED verified_contact_updates.csv
KMB-C02576,phone,SIMULATED verified_contact_updates.csv
KMB-C02576,email,SIMULATED verified_contact_updates.csv
KMB-C02581,name,SIMULATED verified_contact_updates.csv
KMB-C02583,email,SIMULATED verified_contact_updates.csv
KMB-C02590,phone,SIMULATED verified_contact_updates.csv
KMB-C02590,email,SIMULATED verified_contact_updates.csv
KMB-C02592,phone,SIMULATED verified_contact_updates.csv
KMB-C02600,district,SIMULATED verified_contact_updates.csv
KMB-C02604,phone,SIMULATED verified_contact_updates.csv
KMB-C02604,email,SIMULATED verified_contact_updates.csv
KMB-C02608,phone,SIMULATED verified_contact_updates.csv
KMB-C02610,name,SIMULATED verified_contact_updates.csv
KMB-C02618,phone,SIMULATED verified_contact_updates.csv
KMB-C02618,email,SIMULATED verified_contact_updates.csv
KMB-C02624,phone,SIMULATED verified_contact_updates.csv
KMB-C02625,email,SIMULATED verified_contact_updates.csv
KMB-C02625,district,SIMULATED verified_contact_updates.csv
KMB-C02632,phone,SIMULATED verified_contact_updates.csv
KMB-C02632,email,SIMULATED verified_contact_updates.csv
KMB-C02639,name,SIMULATED verified_contact_updates.csv
KMB-C02640,phone,SIMULATED verified_contact_updates.csv
KMB-C02646,phone,SIMULATED verified_contact_updates.csv
KMB-C02646,email,SIMULATED verified_contact_updates.csv
KMB-C02650,district,SIMULATED verified_contact_updates.csv
KMB-C02656,phone,SIMULATED verified_contact_updates.csv
KMB-C02660,phone,SIMULATED verified_contact_updates.csv
KMB-C02660,email,SIMULATED verified_contact_updates.csv
KMB-C02667,email,SIMULATED verified_contact_updates.csv
KMB-C02668,name,SIMULATED verified_contact_updates.csv
KMB-C02672,phone,SIMULATED verified_contact_updates.csv
KMB-C02674,phone,SIMULATED verified_contact_updates.csv
KMB-C02674,email,SIMULATED verified_contact_updates.csv
KMB-C02675,district,SIMULATED verified_contact_updates.csv
KMB-C02688,phone,SIMULATED verified_contact_updates.csv
KMB-C02688,email,SIMULATED verified_contact_updates.csv
KMB-C02697,name,SIMULATED verified_contact_updates.csv
KMB-C02700,district,SIMULATED verified_contact_updates.csv
KMB-C02702,phone,SIMULATED verified_contact_updates.csv
KMB-C02702,email,SIMULATED verified_contact_updates.csv
KMB-C02704,phone,SIMULATED verified_contact_updates.csv
KMB-C02709,email,SIMULATED verified_contact_updates.csv
KMB-C02716,phone,SIMULATED verified_contact_updates.csv
KMB-C02716,email,SIMULATED verified_contact_updates.csv
KMB-C02720,phone,SIMULATED verified_contact_updates.csv
KMB-C02725,district,SIMULATED verified_contact_updates.csv
KMB-C02726,name,SIMULATED verified_contact_updates.csv
KMB-C02730,phone,SIMULATED verified_contact_updates.csv
KMB-C02730,email,SIMULATED verified_contact_updates.csv
KMB-C02736,phone,SIMULATED verified_contact_updates.csv
KMB-C02744,phone,SIMULATED verified_contact_updates.csv
KMB-C02744,email,SIMULATED verified_contact_updates.csv
KMB-C02750,district,SIMULATED verified_contact_updates.csv
KMB-C02751,email,SIMULATED verified_contact_updates.csv
KMB-C02752,phone,SIMULATED verified_contact_updates.csv
KMB-C02755,name,SIMULATED verified_contact_updates.csv
KMB-C02758,phone,SIMULATED verified_contact_updates.csv
KMB-C02758,email,SIMULATED verified_contact_updates.csv
KMB-C02768,phone,SIMULATED verified_contact_updates.csv
KMB-C02772,phone,SIMULATED verified_contact_updates.csv
KMB-C02772,email,SIMULATED verified_contact_updates.csv
KMB-C02775,district,SIMULATED verified_contact_updates.csv
KMB-C02784,name,SIMULATED verified_contact_updates.csv
KMB-C02784,phone,SIMULATED verified_contact_updates.csv
KMB-C02786,phone,SIMULATED verified_contact_updates.csv
KMB-C02786,email,SIMULATED verified_contact_updates.csv
KMB-C02793,email,SIMULATED verified_contact_updates.csv
KMB-C02800,phone,SIMULATED verified_contact_updates.csv
KMB-C02800,email,SIMULATED verified_contact_updates.csv
KMB-C02800,district,SIMULATED verified_contact_updates.csv
KMB-C02813,name,SIMULATED verified_contact_updates.csv
KMB-C02814,phone,SIMULATED verified_contact_updates.csv
KMB-C02814,email,SIMULATED verified_contact_updates.csv
KMB-C02816,phone,SIMULATED verified_contact_updates.csv
KMB-C02825,district,SIMULATED verified_contact_updates.csv
KMB-C02828,phone,SIMULATED verified_contact_updates.csv
KMB-C02828,email,SIMULATED verified_contact_updates.csv
KMB-C02832,phone,SIMULATED verified_contact_updates.csv
KMB-C02835,email,SIMULATED verified_contact_updates.csv
KMB-C02842,name,SIMULATED verified_contact_updates.csv
KMB-C02842,phone,SIMULATED verified_contact_updates.csv
KMB-C02842,email,SIMULATED verified_contact_updates.csv
KMB-C02848,phone,SIMULATED verified_contact_updates.csv
KMB-C02850,district,SIMULATED verified_contact_updates.csv
KMB-C02856,phone,SIMULATED verified_contact_updates.csv
KMB-C02856,email,SIMULATED verified_contact_updates.csv
KMB-C02864,phone,SIMULATED verified_contact_updates.csv
KMB-C02870,phone,SIMULATED verified_contact_updates.csv
KMB-C02870,email,SIMULATED verified_contact_updates.csv
KMB-C02871,name,SIMULATED verified_contact_updates.csv
KMB-C02875,district,SIMULATED verified_contact_updates.csv
KMB-C02877,email,SIMULATED verified_contact_updates.csv
KMB-C02880,phone,SIMULATED verified_contact_updates.csv
KMB-C02884,phone,SIMULATED verified_contact_updates.csv
KMB-C02884,email,SIMULATED verified_contact_updates.csv
KMB-C02896,phone,SIMULATED verified_contact_updates.csv
KMB-C02898,phone,SIMULATED verified_contact_updates.csv
KMB-C02898,email,SIMULATED verified_contact_updates.csv
KMB-C02900,name,SIMULATED verified_contact_updates.csv
KMB-C02900,district,SIMULATED verified_contact_updates.csv
KMB-C02912,phone,SIMULATED verified_contact_updates.csv
KMB-C02912,email,SIMULATED verified_contact_updates.csv
KMB-C02919,email,SIMULATED verified_contact_updates.csv
KMB-C02925,district,SIMULATED verified_contact_updates.csv
KMB-C02926,phone,SIMULATED verified_contact_updates.csv
KMB-C02926,email,SIMULATED verified_contact_updates.csv
KMB-C02928,phone,SIMULATED verified_contact_updates.csv
KMB-C02929,name,SIMULATED verified_contact_updates.csv
KMB-C02940,phone,SIMULATED verified_contact_updates.csv
KMB-C02940,email,SIMULATED verified_contact_updates.csv
KMB-C02944,phone,SIMULATED verified_contact_updates.csv
KMB-C02950,district,SIMULATED verified_contact_updates.csv
KMB-C02954,phone,SIMULATED verified_contact_updates.csv
KMB-C02954,email,SIMULATED verified_contact_updates.csv
KMB-C02958,name,SIMULATED verified_contact_updates.csv
KMB-C02960,phone,SIMULATED verified_contact_updates.csv
KMB-C02961,email,SIMULATED verified_contact_updates.csv
KMB-C02968,phone,SIMULATED verified_contact_updates.csv
KMB-C02968,email,SIMULATED verified_contact_updates.csv
KMB-C02975,district,SIMULATED verified_contact_updates.csv
KMB-C02976,phone,SIMULATED verified_contact_updates.csv
KMB-C02982,phone,SIMULATED verified_contact_updates.csv
KMB-C02982,email,SIMULATED verified_contact_updates.csv
KMB-C02987,name,SIMULATED verified_contact_updates.csv
KMB-C02992,phone,SIMULATED verified_contact_updates.csv
KMB-C02996,phone,SIMULATED verified_contact_updates.csv
KMB-C02996,email,SIMULATED verified_contact_updates.csv
KMB-C03000,district,SIMULATED verified_contact_updates.csv
KMB-C03003,email,SIMULATED verified_contact_updates.csv
KMB-C03008,phone,SIMULATED verified_contact_updates.csv
KMB-C03010,phone,SIMULATED verified_contact_updates.csv
KMB-C03010,email,SIMULATED verified_contact_updates.csv
KMB-C03016,name,SIMULATED verified_contact_updates.csv
KMB-C03024,phone,SIMULATED verified_contact_updates.csv
KMB-C03024,email,SIMULATED verified_contact_updates.csv
KMB-C03025,district,SIMULATED verified_contact_updates.csv
KMB-C03038,phone,SIMULATED verified_contact_updates.csv
KMB-C03038,email,SIMULATED verified_contact_updates.csv
KMB-C03040,phone,SIMULATED verified_contact_updates.csv
KMB-C03045,name,SIMULATED verified_contact_updates.csv
KMB-C03045,email,SIMULATED verified_contact_updates.csv
KMB-C03050,district,SIMULATED verified_contact_updates.csv
KMB-C03052,phone,SIMULATED verified_contact_updates.csv
KMB-C03052,email,SIMULATED verified_contact_updates.csv
KMB-C03056,phone,SIMULATED verified_contact_updates.csv
KMB-C03066,phone,SIMULATED verified_contact_updates.csv
KMB-C03066,email,SIMULATED verified_contact_updates.csv
KMB-C03072,phone,SIMULATED verified_contact_updates.csv
KMB-C03074,name,SIMULATED verified_contact_updates.csv
KMB-C03075,district,SIMULATED verified_contact_updates.csv
KMB-C03080,phone,SIMULATED verified_contact_updates.csv
KMB-C03080,email,SIMULATED verified_contact_updates.csv
KMB-C03087,email,SIMULATED verified_contact_updates.csv
KMB-C03088,phone,SIMULATED verified_contact_updates.csv
KMB-C03094,phone,SIMULATED verified_contact_updates.csv
KMB-C03094,email,SIMULATED verified_contact_updates.csv
KMB-C03100,district,SIMULATED verified_contact_updates.csv
KMB-C03103,name,SIMULATED verified_contact_updates.csv
KMB-C03104,phone,SIMULATED verified_contact_updates.csv
KMB-C03108,phone,SIMULATED verified_contact_updates.csv
KMB-C03108,email,SIMULATED verified_contact_updates.csv
KMB-C03120,phone,SIMULATED verified_contact_updates.csv
KMB-C03122,phone,SIMULATED verified_contact_updates.csv
KMB-C03122,email,SIMULATED verified_contact_updates.csv
KMB-C03125,district,SIMULATED verified_contact_updates.csv
KMB-C03129,email,SIMULATED verified_contact_updates.csv
KMB-C03132,name,SIMULATED verified_contact_updates.csv
KMB-C03136,phone,SIMULATED verified_contact_updates.csv
KMB-C03136,email,SIMULATED verified_contact_updates.csv
KMB-C03150,phone,SIMULATED verified_contact_updates.csv
KMB-C03150,email,SIMULATED verified_contact_updates.csv
KMB-C03150,district,SIMULATED verified_contact_updates.csv
KMB-C03152,phone,SIMULATED verified_contact_updates.csv
KMB-C03161,name,SIMULATED verified_contact_updates.csv
KMB-C03164,phone,SIMULATED verified_contact_updates.csv
KMB-C03164,email,SIMULATED verified_contact_updates.csv
KMB-C03168,phone,SIMULATED verified_contact_updates.csv
KMB-C03171,email,SIMULATED verified_contact_updates.csv
KMB-C03175,district,SIMULATED verified_contact_updates.csv
KMB-C03178,phone,SIMULATED verified_contact_updates.csv
KMB-C03178,email,SIMULATED verified_contact_updates.csv
KMB-C03184,phone,SIMULATED verified_contact_updates.csv
KMB-C03190,name,SIMULATED verified_contact_updates.csv
KMB-C03192,phone,SIMULATED verified_contact_updates.csv
KMB-C03192,email,SIMULATED verified_contact_updates.csv
KMB-C03200,phone,SIMULATED verified_contact_updates.csv
KMB-C03200,district,SIMULATED verified_contact_updates.csv
KMB-C03206,phone,SIMULATED verified_contact_updates.csv
KMB-C03206,email,SIMULATED verified_contact_updates.csv
KMB-C03213,email,SIMULATED verified_contact_updates.csv
KMB-C03216,phone,SIMULATED verified_contact_updates.csv
KMB-C03219,name,SIMULATED verified_contact_updates.csv
KMB-C03220,phone,SIMULATED verified_contact_updates.csv
KMB-C03220,email,SIMULATED verified_contact_updates.csv
KMB-C03225,district,SIMULATED verified_contact_updates.csv
KMB-C03232,phone,SIMULATED verified_contact_updates.csv
KMB-C03234,phone,SIMULATED verified_contact_updates.csv
KMB-C03234,email,SIMULATED verified_contact_updates.csv
KMB-C03248,name,SIMULATED verified_contact_updates.csv
KMB-C03248,phone,SIMULATED verified_contact_updates.csv
KMB-C03248,email,SIMULATED verified_contact_updates.csv
KMB-C03250,district,SIMULATED verified_contact_updates.csv
KMB-C03255,email,SIMULATED verified_contact_updates.csv
KMB-C03262,phone,SIMULATED verified_contact_updates.csv
KMB-C03262,email,SIMULATED verified_contact_updates.csv
KMB-C03264,phone,SIMULATED verified_contact_updates.csv
KMB-C03275,district,SIMULATED verified_contact_updates.csv
KMB-C03276,phone,SIMULATED verified_contact_updates.csv
KMB-C03276,email,SIMULATED verified_contact_updates.csv
KMB-C03277,name,SIMULATED verified_contact_updates.csv
KMB-C03280,phone,SIMULATED verified_contact_updates.csv
KMB-C03290,phone,SIMULATED verified_contact_updates.csv
KMB-C03290,email,SIMULATED verified_contact_updates.csv
KMB-C03296,phone,SIMULATED verified_contact_updates.csv
KMB-C03297,email,SIMULATED verified_contact_updates.csv
KMB-C03300,district,SIMULATED verified_contact_updates.csv
KMB-C03304,phone,SIMULATED verified_contact_updates.csv
KMB-C03304,email,SIMULATED verified_contact_updates.csv
KMB-C03306,name,SIMULATED verified_contact_updates.csv
KMB-C03312,phone,SIMULATED verified_contact_updates.csv
KMB-C03318,phone,SIMULATED verified_contact_updates.csv
KMB-C03318,email,SIMULATED verified_contact_updates.csv
KMB-C03325,district,SIMULATED verified_contact_updates.csv
KMB-C03328,phone,SIMULATED verified_contact_updates.csv
KMB-C03332,phone,SIMULATED verified_contact_updates.csv
KMB-C03332,email,SIMULATED verified_contact_updates.csv
KMB-C03335,name,SIMULATED verified_contact_updates.csv
KMB-C03339,email,SIMULATED verified_contact_updates.csv
KMB-C03344,phone,SIMULATED verified_contact_updates.csv
KMB-C03346,phone,SIMULATED verified_contact_updates.csv
KMB-C03346,email,SIMULATED verified_contact_updates.csv
KMB-C03350,district,SIMULATED verified_contact_updates.csv
KMB-C03360,phone,SIMULATED verified_contact_updates.csv
KMB-C03360,email,SIMULATED verified_contact_updates.csv
KMB-C03364,name,SIMULATED verified_contact_updates.csv
KMB-C03374,phone,SIMULATED verified_contact_updates.csv
KMB-C03374,email,SIMULATED verified_contact_updates.csv
KMB-C03375,district,SIMULATED verified_contact_updates.csv
KMB-C03376,phone,SIMULATED verified_contact_updates.csv
KMB-C03381,email,SIMULATED verified_contact_updates.csv
KMB-C03388,phone,SIMULATED verified_contact_updates.csv
KMB-C03388,email,SIMULATED verified_contact_updates.csv
KMB-C03392,phone,SIMULATED verified_contact_updates.csv
KMB-C03393,name,SIMULATED verified_contact_updates.csv
KMB-C03400,district,SIMULATED verified_contact_updates.csv
KMB-C03402,phone,SIMULATED verified_contact_updates.csv
KMB-C03402,email,SIMULATED verified_contact_updates.csv
KMB-C03408,phone,SIMULATED verified_contact_updates.csv
KMB-C03416,phone,SIMULATED verified_contact_updates.csv
KMB-C03416,email,SIMULATED verified_contact_updates.csv
KMB-C03422,name,SIMULATED verified_contact_updates.csv
KMB-C03423,email,SIMULATED verified_contact_updates.csv
KMB-C03424,phone,SIMULATED verified_contact_updates.csv
KMB-C03425,district,SIMULATED verified_contact_updates.csv
KMB-C03430,phone,SIMULATED verified_contact_updates.csv
KMB-C03430,email,SIMULATED verified_contact_updates.csv
KMB-C03440,phone,SIMULATED verified_contact_updates.csv
KMB-C03444,phone,SIMULATED verified_contact_updates.csv
KMB-C03444,email,SIMULATED verified_contact_updates.csv
KMB-C03450,district,SIMULATED verified_contact_updates.csv
KMB-C03451,name,SIMULATED verified_contact_updates.csv
KMB-C03456,phone,SIMULATED verified_contact_updates.csv
KMB-C03458,phone,SIMULATED verified_contact_updates.csv
KMB-C03458,email,SIMULATED verified_contact_updates.csv
KMB-C03465,email,SIMULATED verified_contact_updates.csv
KMB-C03472,phone,SIMULATED verified_contact_updates.csv
KMB-C03472,email,SIMULATED verified_contact_updates.csv
KMB-C03475,district,SIMULATED verified_contact_updates.csv
KMB-C03480,name,SIMULATED verified_contact_updates.csv
KMB-C03486,phone,SIMULATED verified_contact_updates.csv
KMB-C03486,email,SIMULATED verified_contact_updates.csv
KMB-C03488,phone,SIMULATED verified_contact_updates.csv
KMB-C03500,phone,SIMULATED verified_contact_updates.csv
KMB-C03500,email,SIMULATED verified_contact_updates.csv
KMB-C03500,district,SIMULATED verified_contact_updates.csv
KMB-C03504,phone,SIMULATED verified_contact_updates.csv
KMB-C03507,email,SIMULATED verified_contact_updates.csv
KMB-C03509,name,SIMULATED verified_contact_updates.csv
KMB-C03514,phone,SIMULATED verified_contact_updates.csv
KMB-C03514,email,SIMULATED verified_contact_updates.csv
KMB-C03520,phone,SIMULATED verified_contact_updates.csv
KMB-C03525,district,SIMULATED verified_contact_updates.csv
KMB-C03528,phone,SIMULATED verified_contact_updates.csv
KMB-C03528,email,SIMULATED verified_contact_updates.csv
KMB-C03536,phone,SIMULATED verified_contact_updates.csv
KMB-C03538,name,SIMULATED verified_contact_updates.csv
KMB-C03542,phone,SIMULATED verified_contact_updates.csv
KMB-C03542,email,SIMULATED verified_contact_updates.csv
KMB-C03549,email,SIMULATED verified_contact_updates.csv
KMB-C03550,district,SIMULATED verified_contact_updates.csv
KMB-C03552,phone,SIMULATED verified_contact_updates.csv
KMB-C03556,phone,SIMULATED verified_contact_updates.csv
KMB-C03556,email,SIMULATED verified_contact_updates.csv
KMB-C03567,name,SIMULATED verified_contact_updates.csv
KMB-C03568,phone,SIMULATED verified_contact_updates.csv
KMB-C03570,phone,SIMULATED verified_contact_updates.csv
KMB-C03570,email,SIMULATED verified_contact_updates.csv
KMB-C03575,district,SIMULATED verified_contact_updates.csv
KMB-C03584,phone,SIMULATED verified_contact_updates.csv
KMB-C03584,email,SIMULATED verified_contact_updates.csv
KMB-C03591,email,SIMULATED verified_contact_updates.csv
KMB-C03596,name,SIMULATED verified_contact_updates.csv
KMB-C03598,phone,SIMULATED verified_contact_updates.csv
KMB-C03598,email,SIMULATED verified_contact_updates.csv
KMB-C03600,phone,SIMULATED verified_contact_updates.csv
KMB-C03600,district,SIMULATED verified_contact_updates.csv
KMB-C03612,phone,SIMULATED verified_contact_updates.csv
KMB-C03612,email,SIMULATED verified_contact_updates.csv
KMB-C03616,phone,SIMULATED verified_contact_updates.csv
KMB-C03625,name,SIMULATED verified_contact_updates.csv
KMB-C03625,district,SIMULATED verified_contact_updates.csv
KMB-C03626,phone,SIMULATED verified_contact_updates.csv
KMB-C03626,email,SIMULATED verified_contact_updates.csv
KMB-C03632,phone,SIMULATED verified_contact_updates.csv
KMB-C03633,email,SIMULATED verified_contact_updates.csv
KMB-C03640,phone,SIMULATED verified_contact_updates.csv
KMB-C03640,email,SIMULATED verified_contact_updates.csv
KMB-C03648,phone,SIMULATED verified_contact_updates.csv
KMB-C03650,district,SIMULATED verified_contact_updates.csv
KMB-C03654,name,SIMULATED verified_contact_updates.csv
KMB-C03654,phone,SIMULATED verified_contact_updates.csv
KMB-C03654,email,SIMULATED verified_contact_updates.csv
KMB-C03664,phone,SIMULATED verified_contact_updates.csv
KMB-C03668,phone,SIMULATED verified_contact_updates.csv
KMB-C03668,email,SIMULATED verified_contact_updates.csv
KMB-C03675,email,SIMULATED verified_contact_updates.csv
KMB-C03675,district,SIMULATED verified_contact_updates.csv
KMB-C03680,phone,SIMULATED verified_contact_updates.csv
KMB-C03682,phone,SIMULATED verified_contact_updates.csv
KMB-C03682,email,SIMULATED verified_contact_updates.csv
KMB-C03683,name,SIMULATED verified_contact_updates.csv
KMB-C03696,phone,SIMULATED verified_contact_updates.csv
KMB-C03696,email,SIMULATED verified_contact_updates.csv
KMB-C03700,district,SIMULATED verified_contact_updates.csv
KMB-C03710,phone,SIMULATED verified_contact_updates.csv
KMB-C03710,email,SIMULATED verified_contact_updates.csv
KMB-C03712,name,SIMULATED verified_contact_updates.csv
KMB-C03712,phone,SIMULATED verified_contact_updates.csv
KMB-C03717,email,SIMULATED verified_contact_updates.csv
KMB-C03724,phone,SIMULATED verified_contact_updates.csv
KMB-C03724,email,SIMULATED verified_contact_updates.csv
KMB-C03725,district,SIMULATED verified_contact_updates.csv
KMB-C03728,phone,SIMULATED verified_contact_updates.csv
KMB-C03738,phone,SIMULATED verified_contact_updates.csv
KMB-C03738,email,SIMULATED verified_contact_updates.csv
KMB-C03741,name,SIMULATED verified_contact_updates.csv
KMB-C03744,phone,SIMULATED verified_contact_updates.csv
KMB-C03750,district,SIMULATED verified_contact_updates.csv
KMB-C03752,phone,SIMULATED verified_contact_updates.csv
KMB-C03752,email,SIMULATED verified_contact_updates.csv
KMB-C03759,email,SIMULATED verified_contact_updates.csv
KMB-C03760,phone,SIMULATED verified_contact_updates.csv
KMB-C03766,phone,SIMULATED verified_contact_updates.csv
KMB-C03766,email,SIMULATED verified_contact_updates.csv
KMB-C03770,name,SIMULATED verified_contact_updates.csv
KMB-C03775,district,SIMULATED verified_contact_updates.csv
KMB-C03776,phone,SIMULATED verified_contact_updates.csv
KMB-C03780,phone,SIMULATED verified_contact_updates.csv
KMB-C03780,email,SIMULATED verified_contact_updates.csv
KMB-C03792,phone,SIMULATED verified_contact_updates.csv
KMB-C03794,phone,SIMULATED verified_contact_updates.csv
KMB-C03794,email,SIMULATED verified_contact_updates.csv
KMB-C03799,name,SIMULATED verified_contact_updates.csv
KMB-C03800,district,SIMULATED verified_contact_updates.csv
KMB-C03801,email,SIMULATED verified_contact_updates.csv
KMB-C03808,phone,SIMULATED verified_contact_updates.csv
KMB-C03808,email,SIMULATED verified_contact_updates.csv
KMB-C03822,phone,SIMULATED verified_contact_updates.csv
KMB-C03822,email,SIMULATED verified_contact_updates.csv
KMB-C03824,phone,SIMULATED verified_contact_updates.csv
KMB-C03825,district,SIMULATED verified_contact_updates.csv
KMB-C03828,name,SIMULATED verified_contact_updates.csv
KMB-C03836,phone,SIMULATED verified_contact_updates.csv
KMB-C03836,email,SIMULATED verified_contact_updates.csv
KMB-C03840,phone,SIMULATED verified_contact_updates.csv
KMB-C03843,email,SIMULATED verified_contact_updates.csv
KMB-C03850,phone,SIMULATED verified_contact_updates.csv
KMB-C03850,email,SIMULATED verified_contact_updates.csv
KMB-C03850,district,SIMULATED verified_contact_updates.csv
KMB-C03856,phone,SIMULATED verified_contact_updates.csv
KMB-C03857,name,SIMULATED verified_contact_updates.csv
KMB-C03864,phone,SIMULATED verified_contact_updates.csv
KMB-C03864,email,SIMULATED verified_contact_updates.csv
KMB-C03872,phone,SIMULATED verified_contact_updates.csv
KMB-C03875,district,SIMULATED verified_contact_updates.csv
KMB-C03878,phone,SIMULATED verified_contact_updates.csv
KMB-C03878,email,SIMULATED verified_contact_updates.csv
KMB-C03885,email,SIMULATED verified_contact_updates.csv
KMB-C03886,name,SIMULATED verified_contact_updates.csv
KMB-C03888,phone,SIMULATED verified_contact_updates.csv
KMB-C03892,phone,SIMULATED verified_contact_updates.csv
KMB-C03892,email,SIMULATED verified_contact_updates.csv
KMB-C03900,district,SIMULATED verified_contact_updates.csv
KMB-C03904,phone,SIMULATED verified_contact_updates.csv
KMB-C03906,phone,SIMULATED verified_contact_updates.csv
KMB-C03906,email,SIMULATED verified_contact_updates.csv
KMB-C03915,name,SIMULATED verified_contact_updates.csv
KMB-C03920,phone,SIMULATED verified_contact_updates.csv
KMB-C03920,email,SIMULATED verified_contact_updates.csv
KMB-C03925,district,SIMULATED verified_contact_updates.csv
KMB-C03927,email,SIMULATED verified_contact_updates.csv
KMB-C03934,phone,SIMULATED verified_contact_updates.csv
KMB-C03934,email,SIMULATED verified_contact_updates.csv
KMB-C03936,phone,SIMULATED verified_contact_updates.csv
KMB-C03944,name,SIMULATED verified_contact_updates.csv
KMB-C03948,phone,SIMULATED verified_contact_updates.csv
KMB-C03948,email,SIMULATED verified_contact_updates.csv
KMB-C03950,district,SIMULATED verified_contact_updates.csv
KMB-C03952,phone,SIMULATED verified_contact_updates.csv
KMB-C03962,phone,SIMULATED verified_contact_updates.csv
KMB-C03962,email,SIMULATED verified_contact_updates.csv
KMB-C03968,phone,SIMULATED verified_contact_updates.csv
KMB-C03969,email,SIMULATED verified_contact_updates.csv
KMB-C03973,name,SIMULATED verified_contact_updates.csv
KMB-C03975,district,SIMULATED verified_contact_updates.csv
KMB-C03976,phone,SIMULATED verified_contact_updates.csv
KMB-C03976,email,SIMULATED verified_contact_updates.csv
KMB-C03984,phone,SIMULATED verified_contact_updates.csv
KMB-C03990,phone,SIMULATED verified_contact_updates.csv
KMB-C03990,email,SIMULATED verified_contact_updates.csv
KMB-C04000,phone,SIMULATED verified_contact_updates.csv
KMB-C04000,district,SIMULATED verified_contact_updates.csv
KMB-C04002,name,SIMULATED verified_contact_updates.csv
KMB-C04004,phone,SIMULATED verified_contact_updates.csv
KMB-C04004,email,SIMULATED verified_contact_updates.csv
KMB-C04011,email,SIMULATED verified_contact_updates.csv
KMB-C04016,phone,SIMULATED verified_contact_updates.csv
KMB-C04018,phone,SIMULATED verified_contact_updates.csv
KMB-C04018,email,SIMULATED verified_contact_updates.csv
KMB-C04025,district,SIMULATED verified_contact_updates.csv
KMB-C04031,name,SIMULATED verified_contact_updates.csv
KMB-C04032,phone,SIMULATED verified_contact_updates.csv
KMB-C04032,email,SIMULATED verified_contact_updates.csv
KMB-C04046,phone,SIMULATED verified_contact_updates.csv
KMB-C04046,email,SIMULATED verified_contact_updates.csv
KMB-C04048,phone,SIMULATED verified_contact_updates.csv
KMB-C04050,district,SIMULATED verified_contact_updates.csv
KMB-C04053,email,SIMULATED verified_contact_updates.csv
KMB-C04060,name,SIMULATED verified_contact_updates.csv
KMB-C04060,phone,SIMULATED verified_contact_updates.csv
KMB-C04060,email,SIMULATED verified_contact_updates.csv
KMB-C04064,phone,SIMULATED verified_contact_updates.csv
KMB-C04074,phone,SIMULATED verified_contact_updates.csv
KMB-C04074,email,SIMULATED verified_contact_updates.csv
KMB-C04075,district,SIMULATED verified_contact_updates.csv
KMB-C04080,phone,SIMULATED verified_contact_updates.csv
KMB-C04088,phone,SIMULATED verified_contact_updates.csv
KMB-C04088,email,SIMULATED verified_contact_updates.csv
KMB-C04089,name,SIMULATED verified_contact_updates.csv
KMB-C04095,email,SIMULATED verified_contact_updates.csv
KMB-C04096,phone,SIMULATED verified_contact_updates.csv
