row_a,row_b,score,action
3,4103,100,review; no identity merge without verification
4,4104,100,review; no identity merge without verification
5,4105,100,review; no identity merge without verification
6,4106,100,review; no identity merge without verification
7,4107,100,review; no identity merge without verification
8,4108,100,review; no identity merge without verification
9,4109,100,review; no identity merge without verification
10,4110,100,review; no identity merge without verification
11,4111,100,review; no identity merge without verification
12,4112,100,review; no identity merge without verification
13,4113,100,review; no identity merge without verification
14,4114,100,review; no identity merge without verification
15,4115,100,review; no identity merge without verification
17,4117,100,review; no identity merge without verification
19,4119,100,review; no identity merge without verification
20,4120,100,review; no identity merge without verification
21,4121,100,review; no identity merge without verification
22,4122,100,review; no identity merge without verification
24,4124,100,review; no identity merge without verification
25,4125,100,review; no identity merge without verification
26,4126,100,review; no identity merge without verification
27,4127,100,review; no identity merge without verification
28,4128,100,review; no identity merge without verification
29,4129,100,review; no identity merge without verification
32,4132,100,review; no identity merge without verification
33,4133,100,review; no identity merge without verification
35,4135,100,review; no identity merge without verification
36,4136,100,review; no identity merge without verification
37,4137,100,review; no identity merge without verification
38,4138,100,review; no identity merge without verification
39,4139,100,review; no identity merge without verification
40,4140,100,review; no identity merge without verification
41,4141,100,review; no identity merge without verification
42,4142,100,review; no identity merge without verification
43,4143,100,review; no identity merge without verification
45,4145,100,review; no identity merge without verification
46,4146,100,review; no identity merge without verification
47,4147,100,review; no identity merge without verification
48,4148,100,review; no identity merge without verification
49,4149,100,review; no identity merge without verification
51,4151,100,review; no identity merge without verification
52,4152,100,review; no identity merge without verification
53,4153,100,review; no identity merge without verification
54,4154,100,review; no identity merge without verification
55,4155,100,review; no identity merge without verification
56,4156,100,review; no identity merge without verification
57,4157,100,review; no identity merge without verification
59,4159,100,review; no identity merge without verification
61,4161,100,review; no identity merge without verification
62,4162,100,review; no identity merge without verification
63,4163,100,review; no identity merge without verification
64,4164,100,review; no identity merge without verification
67,4167,100,review; no identity merge without verification
68,4168,100,review; no identity merge without verification
69,4169,100,review; no identity merge without verification
70,4170,100,review; no identity merge without verification
71,4171,100,review; no identity merge without verification
73,4173,100,review; no identity merge without verification
74,4174,100,review; no identity merge without verification
75,4175,100,review; no identity merge without verification
76,4176,100,review; no identity merge without verification
77,4177,100,review; no identity merge without verification
78,4178,100,review; no identity merge without verification
79,4179,100,review; no identity merge without verification
80,4180,100,review; no identity merge without verification
81,4181,100,review; no identity merge without verification
83,4183,100,review; no identity merge without verification
84,4184,100,review; no identity merge without verification
85,4185,100,review; no identity merge without verification
87,4187,100,review; no identity merge without verification
88,4188,100,review; no identity merge without verification
90,4190,100,review; no identity merge without verification
91,4191,100,review; no identity merge without verification
92,4192,100,review; no identity merge without verification
93,4193,100,review; no identity merge without verification
94,4194,100,review; no identity merge without verification
95,4195,100,review; no identity merge without verification
96,4196,100,review; no identity merge without verification
97,4197,100,review; no identity merge without verification
99,4199,100,review; no identity merge without verification
101,4201,100,review; no identity merge without verification
102,4202,100,review; no identity merge without verification
103,4203,100,review; no identity merge without verification
104,4204,100,review; no identity merge without verification
105,4205,100,review; no identity merge without verification
106,4206,100,review; no identity merge without verification
108,4208,100,review; no identity merge without verification
109,4209,100,review; no identity merge without verification
110,4210,100,review; no identity merge without verification
111,4211,100,review; no identity merge without verification
112,4212,100,review; no identity merge without verification
113,4213,100,review; no identity merge without verification
115,4215,100,review; no identity merge without verification
116,4216,100,review; no identity merge without verification
117,4217,100,review; no identity merge without verification
119,4219,100,review; no identity merge without verification
120,4220,100,review; no identity merge without verification
121,4221,100,review; no identity merge without verification
122,4222,100,review; no identity merge without verification
123,4223,100,review; no identity merge without verification
124,4224,100,review; no identity merge without verification
125,4225,100,review; no identity merge without verification
126,4226,100,review; no identity merge without verification
127,4227,100,review; no identity merge without verification
129,4229,100,review; no identity merge without verification
131,4231,100,review; no identity merge without verification
132,4232,100,review; no identity merge without verification
133,4233,100,review; no identity merge without verification
134,4234,100,review; no identity merge without verification
135,4235,100,review; no identity merge without verification
136,4236,100,review; no identity merge without verification
137,4237,100,review; no identity merge without verification
138,4238,100,review; no identity merge without verification
139,4239,100,review; no identity merge without verification
140,4240,100,review; no identity merge without verification
141,4241,100,review; no identity merge without verification
143,4243,100,review; no identity merge without verification
144,4244,100,review; no identity merge without verification
145,4245,100,review; no identity merge without verification
148,4248,100,review; no identity merge without verification
150,4250,100,review; no identity merge without verification
151,4251,100,review; no identity merge without verification
152,4252,100,review; no identity merge without verification
153,4253,100,review; no identity merge without verification
154,4254,100,review; no identity merge without verification
155,4255,100,review; no identity merge without verification
157,4257,100,review; no identity merge without verification
158,4258,100,review; no identity merge without verification
159,4259,100,review; no identity merge without verification
160,4260,100,review; no identity merge without verification
161,4261,100,review; no identity merge without verification
163,4263,100,review; no identity merge without verification
164,4264,100,review; no identity merge without verification
165,4265,100,review; no identity merge without verification
166,4266,100,review; no identity merge without verification
167,4267,100,review; no identity merge without verification
168,4268,100,review; no identity merge without verification
169,4269,100,review; no identity merge without verification
171,4271,100,review; no identity merge without verification
172,4272,100,review; no identity merge without verification
173,4273,100,review; no identity merge without verification
174,4274,100,review; no identity merge without verification
175,4275,100,review; no identity merge without verification
177,4277,100,review; no identity merge without verification
179,4279,100,review; no identity merge without verification
180,4280,100,review; no identity merge without verification
181,4281,100,review; no identity merge without verification
182,4282,100,review; no identity merge without verification
183,4283,100,review; no identity merge without verification
185,4285,100,review; no identity merge without verification
186,4286,100,review; no identity merge without verification
187,4287,100,review; no identity merge without verification
188,4288,100,review; no identity merge without verification
189,4289,100,review; no identity merge without verification
190,4290,100,review; no identity merge without verification
192,4292,100,review; no identity merge without verification
193,4293,100,review; no identity merge without verification
195,4295,100,review; no identity merge without verification
196,4296,100,review; no identity merge without verification
197,4297,100,review; no identity merge without verification
199,4299,100,review; no identity merge without verification
200,4300,100,review; no identity merge without verification
201,4301,100,review; no identity merge without verification
202,4302,100,review; no identity merge without verification
203,4303,100,review; no identity merge without verification
204,4304,100,review; no identity merge without verification
206,4306,100,review; no identity merge without verification
207,4307,100,review; no identity merge without verification
208,4308,100,review; no identity merge without verification
209,4309,100,review; no identity merge without verification
211,4311,100,review; no identity merge without verification
213,4313,100,review; no identity merge without verification
214,4314,100,review; no identity merge without verification
215,4315,100,review; no identity merge without verification
216,4316,100,review; no identity merge without verification
217,4317,100,review; no identity merge without verification
218,4318,100,review; no identity merge without verification
219,4319,100,review; no identity merge without verification
220,4320,100,review; no identity merge without verification
221,4321,100,review; no identity merge without verification
222,4322,100,review; no identity merge without verification
223,4323,100,review; no identity merge without verification
224,4324,100,review; no identity merge without verification
225,4325,100,review; no identity merge without verification
227,4327,100,review; no identity merge without verification
228,4328,100,review; no identity merge without verification
229,4329,100,review; no identity merge without verification
230,4330,100,review; no identity merge without verification
231,4331,100,review; no identity merge without verification
232,4332,100,review; no identity merge without verification
235,4335,100,review; no identity merge without verification
236,4336,100,review; no identity merge without verification
237,4337,100,review; no identity merge without verification
238,4338,100,review; no identity merge without verification
239,4339,100,review; no identity merge without verification
241,4341,100,review; no identity merge without verification
243,4343,100,review; no identity merge without verification
244,4344,100,review; no identity merge without verification
245,4345,100,review; no identity merge without verification
246,4346,100,review; no identity merge without verification
247,4347,100,review; no identity merge without verification
248,4348,100,review; no identity merge without verification
249,4349,100,review; no identity merge without verification
250,4350,100,review; no identity merge without verification
251,4351,100,review; no identity merge without verification
252,4352,100,review; no identity merge without verification
253,4353,100,review; no identity merge without verification
255,4355,100,review; no identity merge without verification
256,4356,100,review; no identity merge without verification
257,4357,100,review; no identity merge without verification
259,4359,100,review; no identity merge without verification
260,4360,100,review; no identity merge without verification
261,4361,100,review; no identity merge without verification
262,4362,100,review; no identity merge without verification
264,4364,100,review; no identity merge without verification
265,4365,100,review; no identity merge without verification
266,4366,100,review; no identity merge without verification
267,4367,100,review; no identity merge without verification
269,4369,100,review; no identity merge without verification
270,4370,100,review; no identity merge without verification
271,4371,100,review; no identity merge without verification
272,4372,100,review; no identity merge without verification
273,4373,100,review; no identity merge without verification
276,4376,100,review; no identity merge without verification
277,4377,100,review; no identity merge without verification
278,4378,100,review; no identity merge without verification
279,4379,100,review; no identity merge without verification
280,4380,100,review; no identity merge without verification
281,4381,100,review; no identity merge without verification
283,4383,100,review; no identity merge without verification
284,4384,100,review; no identity merge without verification
285,4385,100,review; no identity merge without verification
286,4386,100,review; no identity merge without verification
287,4387,100,review; no identity merge without verification
288,4388,100,review; no identity merge without verification
289,4389,100,review; no identity merge without verification
291,4391,100,review; no identity merge without verification
293,4393,100,review; no identity merge without verification
294,4394,100,review; no identity merge without verification
295,4395,100,review; no identity merge without verification
297,4397,100,review; no identity merge without verification
298,4398,100,review; no identity merge without verification
299,4399,100,review; no identity merge without verification
300,4400,100,review; no identity merge without verification
301,4401,100,review; no identity merge without verification
302,4402,100,review; no identity merge without verification
303,4403,100,review; no identity merge without verification
304,4404,100,review; no identity merge without verification
305,4405,100,review; no identity merge without verification
307,4407,100,review; no identity merge without verification
308,4408,100,review; no identity merge without verification
309,4409,100,review; no identity merge without verification
311,4411,100,review; no identity merge without verification
312,4412,100,review; no identity merge without verification
313,4413,100,review; no identity merge without verification
314,4414,100,review; no identity merge without verification
315,4415,100,review; no identity merge without verification
316,4416,100,review; no identity merge without verification
318,4418,100,review; no identity merge without verification
319,4419,100,review; no identity merge without verification
320,4420,100,review; no identity merge without verification
323,4423,100,review; no identity merge without verification
325,4425,100,review; no identity merge without verification
326,4426,100,review; no identity merge without verification
327,4427,100,review; no identity merge without verification
328,4428,100,review; no identity merge without verification
329,4429,100,review; no identity merge without verification
330,4430,100,review; no identity merge without verification
331,4431,100,review; no identity merge without verification
332,4432,100,review; no identity merge without verification
333,4433,100,review; no identity merge without verification
334,4434,100,review; no identity merge without verification
335,4435,100,review; no identity merge without verification
336,4436,100,review; no identity merge without verification
337,4437,100,review; no identity merge without verification
339,4439,100,review; no identity merge without verification
340,4440,100,review; no identity merge without verification
341,4441,100,review; no identity merge without verification
342,4442,100,review; no identity merge without verification
343,4443,100,review; no identity merge without verification
344,4444,100,review; no identity merge without verification
345,4445,100,review; no identity merge without verification
346,4446,100,review; no identity merge without verification
347,4447,100,review; no identity merge without verification
348,4448,100,review; no identity merge without verification
349,4449,100,review; no identity merge without verification
351,4451,100,review; no identity merge without verification
353,4453,100,review; no identity merge without verification
355,4455,100,review; no identity merge without verification
356,4456,100,review; no identity merge without verification
357,4457,100,review; no identity merge without verification
358,4458,100,review; no identity merge without verification
360,4460,100,review; no identity merge without verification
361,4461,100,review; no identity merge without verification
362,4462,100,review; no identity merge without verification
363,4463,100,review; no identity merge without verification
364,4464,100,review; no identity merge without verification
365,4465,100,review; no identity merge without verification
367,4467,100,review; no identity merge without verification
368,4468,100,review; no identity merge without verification
369,4469,100,review; no identity merge without verification
371,4471,100,review; no identity merge without verification
372,4472,100,review; no identity merge without verification
373,4473,100,review; no identity merge without verification
374,4474,100,review; no identity merge without verification
375,4475,100,review; no identity merge without verification
376,4476,100,review; no identity merge without verification
377,4477,100,review; no identity merge without verification
378,4478,100,review; no identity merge without verification
381,4481,100,review; no identity merge without verification
382,4482,100,review; no identity merge without verification
383,4483,100,review; no identity merge without verification
384,4484,100,review; no identity merge without verification
385,4485,100,review; no identity merge without verification
387,4487,100,review; no identity merge without verification
388,4488,100,review; no identity merge without verification
389,4489,100,review; no identity merge without verification
390,4490,100,review; no identity merge without verification
391,4491,100,review; no identity merge without verification
392,4492,100,review; no identity merge without verification
393,4493,100,review; no identity merge without verification
395,4495,100,review; no identity merge without verification
396,4496,100,review; no identity merge without verification
397,4497,100,review; no identity merge without verification
398,4498,100,review; no identity merge without verification
399,4499,100,review; no identity merge without verification
400,4500,100,review; no identity merge without verification
403,4503,100,review; no identity merge without verification
404,4504,100,review; no identity merge without verification
405,4505,100,review; no identity merge without verification
406,4506,100,review; no identity merge without verification
407,4507,100,review; no identity merge without verification
409,4509,100,review; no identity merge without verification
410,4510,100,review; no identity merge without verification
411,4511,100,review; no identity merge without verification
412,4512,100,review; no identity merge without verification
413,4513,100,review; no identity merge without verification
414,4514,100,review; no identity merge without verification
415,4515,100,review; no identity merge without verification
416,4516,100,review; no identity merge without verification
417,4517,100,review; no identity merge without verification
419,4519,100,review; no identity merge without verification
420,4520,100,review; no identity merge without verification
421,4521,100,review; no identity merge without verification
423,4523,100,review; no identity merge without verification
424,4524,100,review; no identity merge without verification
425,4525,100,review; no identity merge without verification
426,4526,100,review; no identity merge without verification
427,4527,100,review; no identity merge without verification
428,4528,100,review; no identity merge without verification
429,4529,100,review; no identity merge without verification
430,4530,100,review; no identity merge without verification
431,4531,100,review; no identity merge without verification
432,4532,100,review; no identity merge without verification
433,4533,100,review; no identity merge without verification
435,4535,100,review; no identity merge without verification
438,4538,100,review; no identity merge without verification
439,4539,100,review; no identity merge without verification
440,4540,100,review; no identity merge without verification
441,4541,100,review; no identity merge without verification
442,4542,100,review; no identity merge without verification
444,4544,100,review; no identity merge without verification
445,4545,100,review; no identity merge without verification
446,4546,100,review; no identity merge without verification
447,4547,100,review; no identity merge without verification
448,4548,100,review; no identity merge without verification
449,4549,100,review; no identity merge without verification
451,4551,100,review; no identity merge without verification
452,4552,100,review; no identity merge without verification
453,4553,100,review; no identity merge without verification
454,4554,100,review; no identity merge without verification
455,4555,100,review; no identity merge without verification
456,4556,100,review; no identity merge without verification
457,4557,100,review; no identity merge without verification
458,4558,100,review; no identity merge without verification
459,4559,100,review; no identity merge without verification
460,4560,100,review; no identity merge without verification
461,4561,100,review; no identity merge without verification
462,4562,100,review; no identity merge without verification
463,4563,100,review; no identity merge without verification
465,4565,100,review; no identity merge without verification
467,4567,100,review; no identity merge without verification
468,4568,100,review; no identity merge without verification
469,4569,100,review; no identity merge without verification
470,4570,100,review; no identity merge without verification
471,4571,100,review; no identity merge without verification
472,4572,100,review; no identity merge without verification
473,4573,100,review; no identity merge without verification
474,4574,100,review; no identity merge without verification
475,4575,100,review; no identity merge without verification
476,4576,100,review; no identity merge without verification
477,4577,100,review; no identity merge without verification
479,4579,100,review; no identity merge without verification
480,4580,100,review; no identity merge without verification
481,4581,100,review; no identity merge without verification
483,4583,100,review; no identity merge without verification
484,4584,100,review; no identity merge without verification
486,4586,100,review; no identity merge without verification
487,4587,100,review; no identity merge without verification
488,4588,100,review; no identity merge without verification
489,4589,100,review; no identity merge without verification
490,4590,100,review; no identity merge without verification
491,4591,100,review; no identity merge without verification
493,4593,100,review; no identity merge without verification
494,4594,100,review; no identity merge without verification
496,4596,100,review; no identity merge without verification
497,4597,100,review; no identity merge without verification
499,4599,100,review; no identity merge without verification
500,4600,100,review; no identity merge without verification
501,4601,100,review; no identity merge without verification
502,4602,100,review; no identity merge without verification
503,4603,100,review; no identity merge without verification
504,4604,100,review; no identity merge without verification
505,4605,100,review; no identity merge without verification
507,4607,100,review; no identity merge without verification
508,4608,100,review; no identity merge without verification
509,4609,100,review; no identity merge without verification
510,4610,100,review; no identity merge without verification
511,4611,100,review; no identity merge without verification
512,4612,100,review; no identity merge without verification
513,4613,100,review; no identity merge without verification
515,4615,100,review; no identity merge without verification
516,4616,100,review; no identity merge without verification
517,4617,100,review; no identity merge without verification
518,4618,100,review; no identity merge without verification
519,4619,100,review; no identity merge without verification
521,4621,100,review; no identity merge without verification
522,4622,100,review; no identity merge without verification
523,4623,100,review; no identity merge without verification
525,4625,100,review; no identity merge without verification
526,4626,100,review; no identity merge without verification
528,4628,100,review; no identity merge without verification
529,4629,100,review; no identity merge without verification
531,4631,100,review; no identity merge without verification
532,4632,100,review; no identity merge without verification
533,4633,100,review; no identity merge without verification
535,4635,100,review; no identity merge without verification
536,4636,100,review; no identity merge without verification
537,4637,100,review; no identity merge without verification
538,4638,100,review; no identity merge without verification
539,4639,100,review; no identity merge without verification
540,4640,100,review; no identity merge without verification
541,4641,100,review; no identity merge without verification
542,4642,100,review; no identity merge without verification
543,4643,100,review; no identity merge without verification
544,4644,100,review; no identity merge without verification
545,4645,100,review; no identity merge without verification
547,4647,100,review; no identity merge without verification
549,4649,100,review; no identity merge without verification
550,4650,100,review; no identity merge without verification
551,4651,100,review; no identity merge without verification
552,4652,100,review; no identity merge without verification
554,4654,100,review; no identity merge without verification
555,4655,100,review; no identity merge without verification
556,4656,100,review; no identity merge without verification
557,4657,100,review; no identity merge without verification
558,4658,100,review; no identity merge without verification
559,4659,100,review; no identity merge without verification
560,4660,100,review; no identity merge without verification
561,4661,100,review; no identity merge without verification
563,4663,100,review; no identity merge without verification
564,4664,100,review; no identity merge without verification
565,4665,100,review; no identity merge without verification
566,4666,100,review; no identity merge without verification
567,4667,100,review; no identity merge without verification
568,4668,100,review; no identity merge without verification
570,4670,100,review; no identity merge without verification
571,4671,100,review; no identity merge without verification
572,4672,100,review; no identity merge without verification
573,4673,100,review; no identity merge without verification
574,4674,100,review; no identity merge without verification
575,4675,100,review; no identity merge without verification
577,4677,100,review; no identity merge without verification
579,4679,100,review; no identity merge without verification
580,4680,100,review; no identity merge without verification
581,4681,100,review; no identity merge without verification
583,4683,100,review; no identity merge without verification
584,4684,100,review; no identity merge without verification
585,4685,100,review; no identity merge without verification
586,4686,100,review; no identity merge without verification
587,4687,100,review; no identity merge without verification
588,4688,100,review; no identity merge without verification
589,4689,100,review; no identity merge without verification
591,4691,100,review; no identity merge without verification
592,4692,100,review; no identity merge without verification
593,4693,100,review; no identity merge without verification
595,4695,100,review; no identity merge without verification
596,4696,100,review; no identity merge without verification
597,4697,100,review; no identity merge without verification
598,4698,100,review; no identity merge without verification
599,4699,100,review; no identity merge without verification
600,4700,100,review; no identity merge without verification
601,4701,100,review; no identity merge without verification
602,4702,100,review; no identity merge without verification
603,4703,100,review; no identity merge without verification
605,4705,100,review; no identity merge without verification
606,4706,100,review; no identity merge without verification
607,4707,100,review; no identity merge without verification
608,4708,100,review; no identity merge without verification
609,4709,100,review; no identity merge without verification
612,4712,100,review; no identity merge without verification
613,4713,100,review; no identity merge without verification
614,4714,100,review; no identity merge without verification
615,4715,100,review; no identity merge without verification
616,4716,100,review; no identity merge without verification
617,4717,100,review; no identity merge without verification
619,4719,100,review; no identity merge without verification
620,4720,100,review; no identity merge without verification
621,4721,100,review; no identity merge without verification
622,4722,100,review; no identity merge without verification
623,4723,100,review; no identity merge without verification
624,4724,100,review; no identity merge without verification
625,4725,100,review; no identity merge without verification
627,4727,100,review; no identity merge without verification
628,4728,100,review; no identity merge without verification
629,4729,100,review; no identity merge without verification
630,4730,100,review; no identity merge without verification
631,4731,100,review; no identity merge without verification
633,4733,100,review; no identity merge without verification
634,4734,100,review; no identity merge without verification
635,4735,100,review; no identity merge without verification
636,4736,100,review; no identity merge without verification
637,4737,100,review; no identity merge without verification
638,4738,100,review; no identity merge without verification
639,4739,100,review; no identity merge without verification
641,4741,100,review; no identity merge without verification
643,4743,100,review; no identity merge without verification
644,4744,100,review; no identity merge without verification
645,4745,100,review; no identity merge without verification
647,4747,100,review; no identity merge without verification
648,4748,100,review; no identity merge without verification
649,4749,100,review; no identity merge without verification
650,4750,100,review; no identity merge without verification
651,4751,100,review; no identity merge without verification
652,4752,100,review; no identity merge without verification
654,4754,100,review; no identity merge without verification
655,4755,100,review; no identity merge without verification
656,4756,100,review; no identity merge without verification
657,4757,100,review; no identity merge without verification
659,4759,100,review; no identity merge without verification
661,4761,100,review; no identity merge without verification
662,4762,100,review; no identity merge without verification
663,4763,100,review; no identity merge without verification
664,4764,100,review; no identity merge without verification
665,4765,100,review; no identity merge without verification
666,4766,100,review; no identity merge without verification
667,4767,100,review; no identity merge without verification
668,4768,100,review; no identity merge without verification
670,4770,100,review; no identity merge without verification
671,4771,100,review; no identity merge without verification
672,4772,100,review; no identity merge without verification
673,4773,100,review; no identity merge without verification
675,4775,100,review; no identity merge without verification
676,4776,100,review; no identity merge without verification
677,4777,100,review; no identity merge without verification
678,4778,100,review; no identity merge without verification
679,4779,100,review; no identity merge without verification
680,4780,100,review; no identity merge without verification
681,4781,100,review; no identity merge without verification
682,4782,100,review; no identity merge without verification
683,4783,100,review; no identity merge without verification
684,4784,100,review; no identity merge without verification
685,4785,100,review; no identity merge without verification
686,4786,100,review; no identity merge without verification
687,4787,100,review; no identity merge without verification
689,4789,100,review; no identity merge without verification
691,4791,100,review; no identity merge without verification
692,4792,100,review; no identity merge without verification
693,4793,100,review; no identity merge without verification
694,4794,100,review; no identity merge without verification
696,4796,100,review; no identity merge without verification
697,4797,100,review; no identity merge without verification
699,4799,100,review; no identity merge without verification
700,4800,100,review; no identity merge without verification
701,4801,100,review; no identity merge without verification
703,4803,100,review; no identity merge without verification
704,4804,100,review; no identity merge without verification
705,4805,100,review; no identity merge without verification
707,4807,100,review; no identity merge without verification
708,4808,100,review; no identity merge without verification
709,4809,100,review; no identity merge without verification
710,4810,100,review; no identity merge without verification
711,4811,100,review; no identity merge without verification
712,4812,100,review; no identity merge without verification
713,4813,100,review; no identity merge without verification
714,4814,100,review; no identity merge without verification
715,4815,100,review; no identity merge without verification
717,4817,100,review; no identity merge without verification
718,4818,100,review; no identity merge without verification
719,4819,100,review; no identity merge without verification
720,4820,100,review; no identity merge without verification
721,4821,100,review; no identity merge without verification
723,4823,100,review; no identity merge without verification
724,4824,100,review; no identity merge without verification
725,4825,100,review; no identity merge without verification
726,4826,100,review; no identity merge without verification
728,4828,100,review; no identity merge without verification
729,4829,100,review; no identity merge without verification
731,4831,100,review; no identity merge without verification
732,4832,100,review; no identity merge without verification
733,4833,100,review; no identity merge without verification
734,4834,100,review; no identity merge without verification
735,4835,100,review; no identity merge without verification
736,4836,100,review; no identity merge without verification
739,4839,100,review; no identity merge without verification
740,4840,100,review; no identity merge without verification
741,4841,100,review; no identity merge without verification
742,4842,100,review; no identity merge without verification
743,4843,100,review; no identity merge without verification
745,4845,100,review; no identity merge without verification
746,4846,100,review; no identity merge without verification
747,4847,100,review; no identity merge without verification
748,4848,100,review; no identity merge without verification
749,4849,100,review; no identity merge without verification
750,4850,100,review; no identity merge without verification
751,4851,100,review; no identity merge without verification
752,4852,100,review; no identity merge without verification
753,4853,100,review; no identity merge without verification
755,4855,100,review; no identity merge without verification
757,4857,100,review; no identity merge without verification
759,4859,100,review; no identity merge without verification
760,4860,100,review; no identity merge without verification
761,4861,100,review; no identity merge without verification
762,4862,100,review; no identity merge without verification
763,4863,100,review; no identity merge without verification
764,4864,100,review; no identity merge without verification
765,4865,100,review; no identity merge without verification
766,4866,100,review; no identity merge without verification
767,4867,100,review; no identity merge without verification
768,4868,100,review; no identity merge without verification
769,4869,100,review; no identity merge without verification
771,4871,100,review; no identity merge without verification
773,4873,100,review; no identity merge without verification
774,4874,100,review; no identity merge without verification
775,4875,100,review; no identity merge without verification
776,4876,100,review; no identity merge without verification
777,4877,100,review; no identity merge without verification
778,4878,100,review; no identity merge without verification
780,4880,100,review; no identity merge without verification
781,4881,100,review; no identity merge without verification
782,4882,100,review; no identity merge without verification
783,4883,100,review; no identity merge without verification
784,4884,100,review; no identity merge without verification
787,4887,100,review; no identity merge without verification
788,4888,100,review; no identity merge without verification
789,4889,100,review; no identity merge without verification
790,4890,100,review; no identity merge without verification
791,4891,100,review; no identity merge without verification
792,4892,100,review; no identity merge without verification
793,4893,100,review; no identity merge without verification
794,4894,100,review; no identity merge without verification
795,4895,100,review; no identity merge without verification
796,4896,100,review; no identity merge without verification
797,4897,100,review; no identity merge without verification
798,4898,100,review; no identity merge without verification
799,4899,100,review; no identity merge without verification
801,4901,100,review; no identity merge without verification
803,4903,100,review; no identity merge without verification
804,4904,100,review; no identity merge without verification
805,4905,100,review; no identity merge without verification
806,4906,100,review; no identity merge without verification
807,4907,100,review; no identity merge without verification
808,4908,100,review; no identity merge without verification
809,4909,100,review; no identity merge without verification
810,4910,100,review; no identity merge without verification
811,4911,100,review; no identity merge without verification
812,4912,100,review; no identity merge without verification
813,4913,100,review; no identity merge without verification
815,4915,100,review; no identity merge without verification
816,4916,100,review; no identity merge without verification
817,4917,100,review; no identity merge without verification
819,4919,100,review; no identity merge without verification
820,4920,100,review; no identity merge without verification
822,4922,100,review; no identity merge without verification
823,4923,100,review; no identity merge without verification
824,4924,100,review; no identity merge without verification
825,4925,100,review; no identity merge without verification
826,4926,100,review; no identity merge without verification
827,4927,100,review; no identity merge without verification
829,4929,100,review; no identity merge without verification
830,4930,100,review; no identity merge without verification
831,4931,100,review; no identity merge without verification
832,4932,100,review; no identity merge without verification
833,4933,100,review; no identity merge without verification
835,4935,100,review; no identity merge without verification
836,4936,100,review; no identity merge without verification
837,4937,100,review; no identity merge without verification
838,4938,100,review; no identity merge without verification
839,4939,100,review; no identity merge without verification
840,4940,100,review; no identity merge without verification
841,4941,100,review; no identity merge without verification
844,4944,100,review; no identity merge without verification
845,4945,100,review; no identity merge without verification
846,4946,100,review; no identity merge without verification
847,4947,100,review; no identity merge without verification
848,4948,100,review; no identity merge without verification
849,4949,100,review; no identity merge without verification
851,4951,100,review; no identity merge without verification
852,4952,100,review; no identity merge without verification
853,4953,100,review; no identity merge without verification
854,4954,100,review; no identity merge without verification
855,4955,100,review; no identity merge without verification
857,4957,100,review; no identity merge without verification
858,4958,100,review; no identity merge without verification
859,4959,100,review; no identity merge without verification
860,4960,100,review; no identity merge without verification
861,4961,100,review; no identity merge without verification
862,4962,100,review; no identity merge without verification
864,4964,100,review; no identity merge without verification
865,4965,100,review; no identity merge without verification
867,4967,100,review; no identity merge without verification
868,4968,100,review; no identity merge without verification
869,4969,100,review; no identity merge without verification
871,4971,100,review; no identity merge without verification
873,4973,100,review; no identity merge without verification
874,4974,100,review; no identity merge without verification
875,4975,100,review; no identity merge without verification
876,4976,100,review; no identity merge without verification
877,4977,100,review; no identity merge without verification
878,4978,100,review; no identity merge without verification
879,4979,100,review; no identity merge without verification
880,4980,100,review; no identity merge without verification
881,4981,100,review; no identity merge without verification
883,4983,100,review; no identity merge without verification
885,4985,100,review; no identity merge without verification
886,4986,100,review; no identity merge without verification
887,4987,100,review; no identity merge without verification
888,4988,100,review; no identity merge without verification
889,4989,100,review; no identity merge without verification
890,4990,100,review; no identity merge without verification
891,4991,100,review; no identity merge without verification
892,4992,100,review; no identity merge without verification
893,4993,100,review; no identity merge without verification
894,4994,100,review; no identity merge without verification
895,4995,100,review; no identity merge without verification
896,4996,100,review; no identity merge without verification
897,4997,100,review; no identity merge without verification
899,4999,100,review; no identity merge without verification
900,5000,100,review; no identity merge without verification
