Month	District	Category	Channel	Currency	NetSales	NetUnits	ActiveCustomers
2026-01-01	Gulu	Beverages	ecommerce	KES	4158.00	8.000	2
2026-01-01	Gulu	Beverages	ecommerce	RWF	11796.00	6.000	3
2026-01-01	Gulu	Beverages	ecommerce	UGX	7834100.00	781.000	258
2026-01-01	Gulu	Beverages	loyalty_app	KES	480.00	5.000	1
2026-01-01	Gulu	Beverages	loyalty_app	RWF	25062.00	7.000	3
2026-01-01	Gulu	Beverages	loyalty_app	UGX	6268700.00	622.000	205
2026-01-01	Gulu	Beverages	pos	KES	2904.00	9.000	3
2026-01-01	Gulu	Beverages	pos	RWF	12162.00	7.000	3
2026-01-01	Gulu	Beverages	pos	UGX	6273200.00	658.000	228
2026-01-01	Gulu	Grocery	ecommerce	KES	2068.00	8.000	2
2026-01-01	Gulu	Grocery	ecommerce	RWF	31160.00	10.000	3
2026-01-01	Gulu	Grocery	ecommerce	UGX	6440300.00	649.000	218
2026-01-01	Gulu	Grocery	loyalty_app	KES	954.00	9.000	2
2026-01-01	Gulu	Grocery	loyalty_app	RWF	25794.00	9.000	2
2026-01-01	Gulu	Grocery	loyalty_app	UGX	6735300.00	732.000	229
2026-01-01	Gulu	Grocery	pos	KES	780.00	0.000	1
2026-01-01	Gulu	Grocery	pos	RWF	12062.00	7.000	4
2026-01-01	Gulu	Grocery	pos	UGX	6533400.00	762.000	248
2026-01-01	Gulu	Household	ecommerce	KES	1752.00	12.000	3
2026-01-01	Gulu	Household	ecommerce	RWF	27830.00	5.000	1
2026-01-01	Gulu	Household	ecommerce	UGX	7090600.00	710.000	225
2026-01-01	Gulu	Household	loyalty_app	KES	4852.00	18.000	6
2026-01-01	Gulu	Household	loyalty_app	RWF	25526.00	11.000	4
2026-01-01	Gulu	Household	loyalty_app	UGX	6848700.00	714.000	237
2026-01-01	Gulu	Household	pos	KES	3848.00	8.000	2
2026-01-01	Gulu	Household	pos	RWF	54358.00	13.000	4
2026-01-01	Gulu	Household	pos	UGX	5645100.00	582.000	198
2026-01-01	Jinja	Beverages	ecommerce	KES	4716.00	11.000	3
2026-01-01	Jinja	Beverages	ecommerce	RWF	25962.00	7.000	5
2026-01-01	Jinja	Beverages	ecommerce	UGX	7842900.00	798.000	273
2026-01-01	Jinja	Beverages	loyalty_app	KES	6732.00	20.000	6
2026-01-01	Jinja	Beverages	loyalty_app	RWF	23994.00	9.000	4
2026-01-01	Jinja	Beverages	loyalty_app	UGX	7109700.00	714.000	238
2026-01-01	Jinja	Beverages	pos	KES	6582.00	17.000	6
2026-01-01	Jinja	Beverages	pos	RWF	58254.00	19.000	8
2026-01-01	Jinja	Beverages	pos	UGX	8425200.00	888.000	290
2026-01-01	Jinja	Grocery	ecommerce	KES	6684.00	18.000	4
2026-01-01	Jinja	Grocery	ecommerce	RWF	58556.00	16.000	5
2026-01-01	Jinja	Grocery	ecommerce	UGX	8352300.00	906.000	294
2026-01-01	Jinja	Grocery	loyalty_app	KES	2508.00	12.000	5
2026-01-01	Jinja	Grocery	loyalty_app	RWF	83320.00	20.000	6
2026-01-01	Jinja	Grocery	loyalty_app	UGX	7143500.00	772.000	257
2026-01-01	Jinja	Grocery	pos	KES	2774.00	7.000	2
2026-01-01	Jinja	Grocery	pos	RWF	29428.00	8.000	3
2026-01-01	Jinja	Grocery	pos	UGX	7534000.00	809.000	274
2026-01-01	Jinja	Household	ecommerce	KES	3568.00	13.000	4
2026-01-01	Jinja	Household	ecommerce	RWF	20330.00	5.000	3
2026-01-01	Jinja	Household	ecommerce	UGX	8703500.00	883.000	278
2026-01-01	Jinja	Household	loyalty_app	KES	1478.00	7.000	3
2026-01-01	Jinja	Household	loyalty_app	RWF	13366.00	1.000	1
2026-01-01	Jinja	Household	loyalty_app	UGX	8368100.00	844.000	282
2026-01-01	Jinja	Household	pos	KES	7082.00	17.000	6
2026-01-01	Jinja	Household	pos	RWF	26062.00	7.000	3
2026-01-01	Jinja	Household	pos	UGX	8753900.00	865.000	264
2026-01-01	Kampala	Beverages	ecommerce	KES	3006.00	6.000	2
2026-01-01	Kampala	Beverages	ecommerce	RWF	18096.00	6.000	2
2026-01-01	Kampala	Beverages	ecommerce	UGX	7795200.00	780.000	265
2026-01-01	Kampala	Beverages	loyalty_app	KES	4728.00	8.000	2
2026-01-01	Kampala	Beverages	loyalty_app	RWF	39990.00	15.000	5
2026-01-01	Kampala	Beverages	loyalty_app	UGX	7859600.00	832.000	273
2026-01-01	Kampala	Beverages	pos	KES	2700.00	5.000	3
2026-01-01	Kampala	Beverages	pos	RWF	34692.00	12.000	4
2026-01-01	Kampala	Beverages	pos	UGX	7674800.00	808.000	267
2026-01-01	Kampala	Grocery	ecommerce	KES	5952.00	12.000	4
2026-01-01	Kampala	Grocery	ecommerce	RWF	10296.00	6.000	2
2026-01-01	Kampala	Grocery	ecommerce	UGX	7731400.00	824.000	287
2026-01-01	Kampala	Grocery	loyalty_app	KES	1640.00	10.000	5
2026-01-01	Kampala	Grocery	loyalty_app	RWF	24294.00	9.000	4
2026-01-01	Kampala	Grocery	loyalty_app	UGX	7405700.00	823.000	270
2026-01-01	Kampala	Grocery	pos	KES	2220.00	12.000	4
2026-01-01	Kampala	Grocery	pos	UGX	8418700.00	944.000	290
2026-01-01	Kampala	Household	ecommerce	KES	3930.00	15.000	5
2026-01-01	Kampala	Household	ecommerce	RWF	35994.00	9.000	3
2026-01-01	Kampala	Household	ecommerce	UGX	8070200.00	790.000	261
2026-01-01	Kampala	Household	loyalty_app	KES	626.00	6.000	2
2026-01-01	Kampala	Household	loyalty_app	RWF	25762.00	7.000	2
2026-01-01	Kampala	Household	loyalty_app	UGX	8231700.00	861.000	301
2026-01-01	Kampala	Household	pos	KES	678.00	3.000	1
2026-01-01	Kampala	Household	pos	RWF	12830.00	5.000	2
2026-01-01	Kampala	Household	pos	UGX	7722500.00	811.000	261
2026-01-01	Mbarara	Beverages	ecommerce	KES	3312.00	7.000	2
2026-01-01	Mbarara	Beverages	ecommerce	RWF	56592.00	12.000	4
2026-01-01	Mbarara	Beverages	ecommerce	UGX	8227400.00	817.000	267
2026-01-01	Mbarara	Beverages	loyalty_app	KES	930.00	5.000	3
2026-01-01	Mbarara	Beverages	loyalty_app	RWF	17394.00	9.000	3
2026-01-01	Mbarara	Beverages	loyalty_app	UGX	7227400.00	803.000	269
2026-01-01	Mbarara	Beverages	pos	KES	4590.00	15.000	4
2026-01-01	Mbarara	Beverages	pos	RWF	19896.00	6.000	2
2026-01-01	Mbarara	Beverages	pos	UGX	8333300.00	865.000	279
2026-01-01	Mbarara	Grocery	ecommerce	KES	6008.00	13.000	5
2026-01-01	Mbarara	Grocery	ecommerce	RWF	46556.00	16.000	6
2026-01-01	Mbarara	Grocery	ecommerce	UGX	8224500.00	834.000	268
2026-01-01	Mbarara	Grocery	loyalty_app	KES	1922.00	7.000	2
2026-01-01	Mbarara	Grocery	loyalty_app	RWF	43460.00	10.000	4
2026-01-01	Mbarara	Grocery	loyalty_app	UGX	8012700.00	837.000	282
2026-01-01	Mbarara	Grocery	pos	KES	1554.00	6.000	3
2026-01-01	Mbarara	Grocery	pos	RWF	31194.00	9.000	2
2026-01-01	Mbarara	Grocery	pos	UGX	7211100.00	771.000	251
2026-01-01	Mbarara	Household	ecommerce	KES	4300.00	10.000	5
2026-01-01	Mbarara	Household	ecommerce	RWF	44924.00	14.000	4
2026-01-01	Mbarara	Household	ecommerce	UGX	7232900.00	775.000	253
2026-01-01	Mbarara	Household	loyalty_app	KES	8012.00	17.000	6
2026-01-01	Mbarara	Household	loyalty_app	RWF	38828.00	8.000	3
2026-01-01	Mbarara	Household	loyalty_app	UGX	8874600.00	876.000	286
2026-01-01	Mbarara	Household	pos	KES	2734.00	10.000	4
2026-01-01	Mbarara	Household	pos	RWF	5062.00	7.000	3
2026-01-01	Mbarara	Household	pos	UGX	8261000.00	835.000	280
2026-02-01	Gulu	Beverages	ecommerce	KES	6282.00	12.000	5
2026-02-01	Gulu	Beverages	ecommerce	RWF	57858.00	13.000	6
2026-02-01	Gulu	Beverages	ecommerce	UGX	6324300.00	666.000	221
2026-02-01	Gulu	Beverages	loyalty_app	KES	180.00	0.000	2
2026-02-01	Gulu	Beverages	loyalty_app	RWF	7632.00	2.000	3
2026-02-01	Gulu	Beverages	loyalty_app	UGX	5436500.00	565.000	196
2026-02-01	Gulu	Beverages	pos	KES	5212.00	14.000	4
2026-02-01	Gulu	Beverages	pos	RWF	17130.00	5.000	2
2026-02-01	Gulu	Beverages	pos	UGX	6217800.00	669.000	215
2026-02-01	Gulu	Grocery	ecommerce	KES	402.00	6.000	3
2026-02-01	Gulu	Grocery	ecommerce	RWF	9996.00	6.000	2
2026-02-01	Gulu	Grocery	ecommerce	UGX	6110900.00	649.000	216
2026-02-01	Gulu	Grocery	loyalty_app	KES	3542.00	7.000	3
2026-02-01	Gulu	Grocery	loyalty_app	RWF	60090.00	15.000	5
2026-02-01	Gulu	Grocery	loyalty_app	UGX	5922000.00	675.000	230
2026-02-01	Gulu	Grocery	pos	KES	596.00	1.000	1
2026-02-01	Gulu	Grocery	pos	RWF	18396.00	6.000	2
2026-02-01	Gulu	Grocery	pos	UGX	5997100.00	626.000	208
2026-02-01	Gulu	Household	ecommerce	KES	2002.00	7.000	3
2026-02-01	Gulu	Household	ecommerce	RWF	15830.00	5.000	3
2026-02-01	Gulu	Household	ecommerce	UGX	6398800.00	635.000	215
2026-02-01	Gulu	Household	loyalty_app	KES	586.00	1.000	1
2026-02-01	Gulu	Household	loyalty_app	RWF	16628.00	8.000	3
2026-02-01	Gulu	Household	loyalty_app	UGX	5888900.00	589.000	203
2026-02-01	Gulu	Household	pos	KES	4244.00	13.000	6
2026-02-01	Gulu	Household	pos	RWF	15090.00	15.000	4
2026-02-01	Gulu	Household	pos	UGX	6067800.00	612.000	202
2026-02-01	Jinja	Beverages	ecommerce	KES	3744.00	9.000	2
2026-02-01	Jinja	Beverages	ecommerce	RWF	46722.00	17.000	7
2026-02-01	Jinja	Beverages	ecommerce	UGX	8317600.00	800.000	283
2026-02-01	Jinja	Beverages	loyalty_app	KES	4392.00	17.000	5
2026-02-01	Jinja	Beverages	loyalty_app	RWF	33156.00	16.000	4
2026-02-01	Jinja	Beverages	loyalty_app	UGX	8339900.00	898.000	300
2026-02-01	Jinja	Beverages	pos	KES	3114.00	9.000	3
2026-02-01	Jinja	Beverages	pos	RWF	42888.00	18.000	5
2026-02-01	Jinja	Beverages	pos	UGX	7547900.00	799.000	273
2026-02-01	Jinja	Grocery	ecommerce	KES	3080.00	10.000	3
2026-02-01	Jinja	Grocery	ecommerce	RWF	36192.00	12.000	4
2026-02-01	Jinja	Grocery	ecommerce	UGX	6802000.00	686.000	230
2026-02-01	Jinja	Grocery	loyalty_app	KES	674.00	4.000	2
2026-02-01	Jinja	Grocery	loyalty_app	RWF	25794.00	9.000	3
2026-02-01	Jinja	Grocery	loyalty_app	UGX	7368500.00	763.000	260
2026-02-01	Jinja	Grocery	pos	KES	1644.00	9.000	3
2026-02-01	Jinja	Grocery	pos	RWF	23892.00	12.000	3
2026-02-01	Jinja	Grocery	pos	UGX	7820000.00	820.000	263
2026-02-01	Jinja	Household	ecommerce	KES	2392.00	7.000	3
2026-02-01	Jinja	Household	ecommerce	RWF	2732.00	2.000	1
2026-02-01	Jinja	Household	ecommerce	UGX	8696800.00	875.000	297
2026-02-01	Jinja	Household	loyalty_app	KES	6676.00	16.000	5
2026-02-01	Jinja	Household	loyalty_app	RWF	87780.00	30.000	6
2026-02-01	Jinja	Household	loyalty_app	UGX	8042600.00	823.000	260
2026-02-01	Jinja	Household	pos	KES	1070.00	5.000	2
2026-02-01	Jinja	Household	pos	RWF	12926.00	11.000	5
2026-02-01	Jinja	Household	pos	UGX	8361600.00	813.000	265
2026-02-01	Kampala	Beverages	ecommerce	KES	4080.00	10.000	3
2026-02-01	Kampala	Beverages	ecommerce	RWF	21294.00	9.000	3
2026-02-01	Kampala	Beverages	ecommerce	UGX	7572400.00	755.000	247
2026-02-01	Kampala	Beverages	loyalty_app	KES	1216.00	6.000	2
2026-02-01	Kampala	Beverages	loyalty_app	RWF	7596.00	6.000	3
2026-02-01	Kampala	Beverages	loyalty_app	UGX	6821600.00	736.000	259
2026-02-01	Kampala	Beverages	pos	KES	6180.00	15.000	4
2026-02-01	Kampala	Beverages	pos	RWF	24762.00	7.000	3
2026-02-01	Kampala	Beverages	pos	UGX	7800600.00	780.000	269
2026-02-01	Kampala	Grocery	ecommerce	KES	592.00	2.000	1
2026-02-01	Kampala	Grocery	ecommerce	RWF	14796.00	6.000	3
2026-02-01	Kampala	Grocery	ecommerce	UGX	7219100.00	790.000	259
2026-02-01	Kampala	Grocery	loyalty_app	KES	5380.00	14.000	5
2026-02-01	Kampala	Grocery	loyalty_app	RWF	48656.00	16.000	4
2026-02-01	Kampala	Grocery	loyalty_app	UGX	6181700.00	706.000	230
2026-02-01	Kampala	Grocery	pos	RWF	48724.00	14.000	5
2026-02-01	Kampala	Grocery	pos	UGX	7222500.00	765.000	239
2026-02-01	Kampala	Household	ecommerce	KES	3514.00	19.000	5
2026-02-01	Kampala	Household	ecommerce	RWF	19430.00	5.000	2
2026-02-01	Kampala	Household	ecommerce	UGX	7393900.00	737.000	238
2026-02-01	Kampala	Household	loyalty_app	KES	3788.00	8.000	3
2026-02-01	Kampala	Household	loyalty_app	RWF	17598.00	3.000	1
2026-02-01	Kampala	Household	loyalty_app	UGX	7758000.00	810.000	254
2026-02-01	Kampala	Household	pos	KES	1782.00	12.000	7
2026-02-01	Kampala	Household	pos	RWF	1532.00	2.000	1
2026-02-01	Kampala	Household	pos	UGX	8763400.00	857.000	278
2026-02-01	Mbarara	Beverages	ecommerce	KES	6714.00	19.000	5
2026-02-01	Mbarara	Beverages	ecommerce	RWF	12864.00	4.000	2
2026-02-01	Mbarara	Beverages	ecommerce	UGX	7841600.00	832.000	274
2026-02-01	Mbarara	Beverages	loyalty_app	KES	552.00	2.000	1
2026-02-01	Mbarara	Beverages	loyalty_app	RWF	-1434.00	1.000	1
2026-02-01	Mbarara	Beverages	loyalty_app	UGX	7462800.00	756.000	256
2026-02-01	Mbarara	Beverages	pos	KES	3054.00	9.000	2
2026-02-01	Mbarara	Beverages	pos	RWF	12696.00	6.000	2
2026-02-01	Mbarara	Beverages	pos	UGX	8002100.00	802.000	267
2026-02-01	Mbarara	Grocery	ecommerce	KES	3654.00	9.000	3
2026-02-01	Mbarara	Grocery	ecommerce	RWF	57820.00	20.000	4
2026-02-01	Mbarara	Grocery	ecommerce	UGX	7103600.00	739.000	243
2026-02-01	Mbarara	Grocery	loyalty_app	KES	2870.00	10.000	4
2026-02-01	Mbarara	Grocery	loyalty_app	RWF	20626.00	11.000	3
2026-02-01	Mbarara	Grocery	loyalty_app	UGX	8649900.00	855.000	280
2026-02-01	Mbarara	Grocery	pos	KES	1858.00	11.000	4
2026-02-01	Mbarara	Grocery	pos	RWF	56354.00	19.000	6
2026-02-01	Mbarara	Grocery	pos	UGX	7865900.00	856.000	276
2026-02-01	Mbarara	Household	ecommerce	KES	4620.00	15.000	4
2026-02-01	Mbarara	Household	ecommerce	RWF	18294.00	9.000	3
2026-02-01	Mbarara	Household	ecommerce	UGX	8190700.00	842.000	270
2026-02-01	Mbarara	Household	loyalty_app	KES	3658.00	13.000	4
2026-02-01	Mbarara	Household	loyalty_app	RWF	24428.00	8.000	3
2026-02-01	Mbarara	Household	loyalty_app	UGX	9217200.00	897.000	287
2026-02-01	Mbarara	Household	pos	KES	1838.00	8.000	4
2026-02-01	Mbarara	Household	pos	RWF	43156.00	16.000	4
2026-02-01	Mbarara	Household	pos	UGX	7665000.00	750.000	257
2026-03-01	Gulu	Beverages	ecommerce	KES	1380.00	10.000	3
2026-03-01	Gulu	Beverages	ecommerce	RWF	19830.00	5.000	2
2026-03-01	Gulu	Beverages	ecommerce	UGX	5197300.00	512.000	165
2026-03-01	Gulu	Beverages	loyalty_app	KES	3624.00	9.000	2
2026-03-01	Gulu	Beverages	loyalty_app	RWF	31596.00	6.000	2
2026-03-01	Gulu	Beverages	loyalty_app	UGX	5542900.00	584.000	197
2026-03-01	Gulu	Beverages	pos	KES	516.00	1.000	1
2026-03-01	Gulu	Beverages	pos	RWF	36294.00	9.000	3
2026-03-01	Gulu	Beverages	pos	UGX	5595100.00	566.000	187
2026-03-01	Gulu	Grocery	ecommerce	KES	3792.00	12.000	4
2026-03-01	Gulu	Grocery	ecommerce	RWF	18430.00	5.000	3
2026-03-01	Gulu	Grocery	ecommerce	UGX	4558500.00	513.000	171
2026-03-01	Gulu	Grocery	loyalty_app	KES	2128.00	8.000	3
2026-03-01	Gulu	Grocery	loyalty_app	RWF	4200.00	0.000	2
2026-03-01	Gulu	Grocery	loyalty_app	UGX	5517700.00	560.000	180
2026-03-01	Gulu	Grocery	pos	KES	1338.00	3.000	1
2026-03-01	Gulu	Grocery	pos	RWF	10166.00	1.000	1
2026-03-01	Gulu	Grocery	pos	UGX	4186900.00	476.000	162
2026-03-01	Gulu	Household	ecommerce	KES	616.00	1.000	1
2026-03-01	Gulu	Household	ecommerce	RWF	15530.00	5.000	2
2026-03-01	Gulu	Household	ecommerce	UGX	5068500.00	516.000	174
2026-03-01	Gulu	Household	loyalty_app	KES	2954.00	13.000	3
2026-03-01	Gulu	Household	loyalty_app	RWF	29126.00	11.000	4
2026-03-01	Gulu	Household	loyalty_app	UGX	4758500.00	454.000	169
2026-03-01	Gulu	Household	pos	RWF	24696.00	6.000	1
2026-03-01	Gulu	Household	pos	UGX	5283000.00	549.000	179
2026-03-01	Jinja	Beverages	ecommerce	KES	858.00	3.000	2
2026-03-01	Jinja	Beverages	ecommerce	RWF	22830.00	5.000	3
2026-03-01	Jinja	Beverages	ecommerce	UGX	7054400.00	694.000	239
2026-03-01	Jinja	Beverages	loyalty_app	KES	1038.00	3.000	1
2026-03-01	Jinja	Beverages	loyalty_app	RWF	7098.00	3.000	2
2026-03-01	Jinja	Beverages	loyalty_app	UGX	5795000.00	589.000	203
2026-03-01	Jinja	Beverages	pos	KES	4320.00	10.000	4
2026-03-01	Jinja	Beverages	pos	RWF	13596.00	6.000	2
2026-03-01	Jinja	Beverages	pos	UGX	6532800.00	678.000	214
2026-03-01	Jinja	Grocery	ecommerce	KES	6124.00	14.000	5
2026-03-01	Jinja	Grocery	ecommerce	RWF	30990.00	15.000	6
2026-03-01	Jinja	Grocery	ecommerce	UGX	6819500.00	745.000	224
2026-03-01	Jinja	Grocery	loyalty_app	KES	1128.00	3.000	2
2026-03-01	Jinja	Grocery	loyalty_app	RWF	20796.00	6.000	3
2026-03-01	Jinja	Grocery	loyalty_app	UGX	5944600.00	638.000	220
2026-03-01	Jinja	Grocery	pos	KES	2374.00	14.000	4
2026-03-01	Jinja	Grocery	pos	RWF	10698.00	3.000	2
2026-03-01	Jinja	Grocery	pos	UGX	5419700.00	568.000	196
2026-03-01	Jinja	Household	ecommerce	KES	5256.00	16.000	3
2026-03-01	Jinja	Household	ecommerce	RWF	18498.00	3.000	1
2026-03-01	Jinja	Household	ecommerce	UGX	6181400.00	625.000	213
2026-03-01	Jinja	Household	loyalty_app	KES	3594.00	9.000	3
2026-03-01	Jinja	Household	loyalty_app	RWF	25162.00	7.000	3
2026-03-01	Jinja	Household	loyalty_app	UGX	6893500.00	647.000	205
2026-03-01	Jinja	Household	pos	KES	-332.00	-2.000	0
2026-03-01	Jinja	Household	pos	RWF	13730.00	5.000	2
2026-03-01	Jinja	Household	pos	UGX	7429900.00	683.000	212
2026-03-01	Kampala	Beverages	ecommerce	KES	-690.00	0.000	2
2026-03-01	Kampala	Beverages	ecommerce	RWF	28428.00	8.000	3
2026-03-01	Kampala	Beverages	ecommerce	UGX	5598200.00	604.000	205
2026-03-01	Kampala	Beverages	loyalty_app	KES	-924.00	-4.000	0
2026-03-01	Kampala	Beverages	loyalty_app	RWF	7230.00	5.000	2
2026-03-01	Kampala	Beverages	loyalty_app	UGX	5375000.00	577.000	196
2026-03-01	Kampala	Beverages	pos	KES	3210.00	10.000	2
2026-03-01	Kampala	Beverages	pos	RWF	24696.00	6.000	2
2026-03-01	Kampala	Beverages	pos	UGX	6896600.00	715.000	233
2026-03-01	Kampala	Grocery	ecommerce	KES	3882.00	12.000	4
2026-03-01	Kampala	Grocery	ecommerce	RWF	16862.00	7.000	3
2026-03-01	Kampala	Grocery	ecommerce	UGX	6076600.00	623.000	210
2026-03-01	Kampala	Grocery	loyalty_app	KES	2680.00	5.000	1
2026-03-01	Kampala	Grocery	loyalty_app	RWF	21396.00	6.000	2
2026-03-01	Kampala	Grocery	loyalty_app	UGX	5996000.00	700.000	224
2026-03-01	Kampala	Grocery	pos	KES	2386.00	11.000	6
2026-03-01	Kampala	Grocery	pos	RWF	-5366.00	-1.000	1
2026-03-01	Kampala	Grocery	pos	UGX	5203400.00	598.000	206
2026-03-01	Kampala	Household	ecommerce	KES	76.00	1.000	1
2026-03-01	Kampala	Household	ecommerce	RWF	-18466.00	-1.000	2
2026-03-01	Kampala	Household	ecommerce	UGX	6145200.00	657.000	213
2026-03-01	Kampala	Household	loyalty_app	KES	3566.00	11.000	3
2026-03-01	Kampala	Household	loyalty_app	RWF	69990.00	15.000	3
2026-03-01	Kampala	Household	loyalty_app	UGX	6087900.00	600.000	205
2026-03-01	Kampala	Household	pos	KES	1690.00	10.000	3
2026-03-01	Kampala	Household	pos	RWF	3396.00	6.000	3
2026-03-01	Kampala	Household	pos	UGX	5867800.00	626.000	216
2026-03-01	Mbarara	Beverages	ecommerce	KES	2538.00	8.000	4
2026-03-01	Mbarara	Beverages	ecommerce	RWF	7494.00	9.000	2
2026-03-01	Mbarara	Beverages	ecommerce	UGX	6157900.00	689.000	220
2026-03-01	Mbarara	Beverages	loyalty_app	KES	2964.00	14.000	4
2026-03-01	Mbarara	Beverages	loyalty_app	RWF	48690.00	15.000	5
2026-03-01	Mbarara	Beverages	loyalty_app	UGX	7124600.00	694.000	227
2026-03-01	Mbarara	Beverages	pos	KES	360.00	5.000	2
2026-03-01	Mbarara	Beverages	pos	RWF	43224.00	14.000	5
2026-03-01	Mbarara	Beverages	pos	UGX	5471200.00	590.000	211
2026-03-01	Mbarara	Grocery	ecommerce	RWF	14298.00	3.000	1
2026-03-01	Mbarara	Grocery	ecommerce	UGX	5566100.00	580.000	192
2026-03-01	Mbarara	Grocery	loyalty_app	KES	2162.00	7.000	4
2026-03-01	Mbarara	Grocery	loyalty_app	RWF	44824.00	14.000	4
2026-03-01	Mbarara	Grocery	loyalty_app	UGX	6313000.00	689.000	216
2026-03-01	Mbarara	Grocery	pos	KES	3380.00	10.000	3
2026-03-01	Mbarara	Grocery	pos	RWF	91222.00	17.000	4
2026-03-01	Mbarara	Grocery	pos	UGX	6500300.00	670.000	228
2026-03-01	Mbarara	Household	ecommerce	KES	1896.00	6.000	2
2026-03-01	Mbarara	Household	ecommerce	RWF	38694.00	9.000	4
2026-03-01	Mbarara	Household	ecommerce	UGX	7265400.00	705.000	237
2026-03-01	Mbarara	Household	loyalty_app	KES	1744.00	4.000	3
2026-03-01	Mbarara	Household	loyalty_app	RWF	6664.00	4.000	0
2026-03-01	Mbarara	Household	loyalty_app	UGX	5917200.00	597.000	189
2026-03-01	Mbarara	Household	pos	KES	2922.00	12.000	3
2026-03-01	Mbarara	Household	pos	RWF	56356.00	16.000	5
2026-03-01	Mbarara	Household	pos	UGX	6311100.00	627.000	214
2026-04-01	Gulu	Beverages	ecommerce	KES	2448.00	8.000	3
2026-04-01	Gulu	Beverages	ecommerce	RWF	50124.00	14.000	3
2026-04-01	Gulu	Beverages	ecommerce	UGX	4605600.00	474.000	159
2026-04-01	Gulu	Beverages	loyalty_app	KES	246.00	1.000	1
2026-04-01	Gulu	Beverages	loyalty_app	RWF	5766.00	1.000	1
2026-04-01	Gulu	Beverages	loyalty_app	UGX	4828900.00	524.000	177
2026-04-01	Gulu	Beverages	pos	KES	2040.00	5.000	1
2026-04-01	Gulu	Beverages	pos	RWF	30294.00	9.000	2
2026-04-01	Gulu	Beverages	pos	UGX	5747200.00	602.000	186
2026-04-01	Gulu	Grocery	ecommerce	KES	666.00	6.000	2
2026-04-01	Gulu	Grocery	ecommerce	RWF	2066.00	1.000	1
2026-04-01	Gulu	Grocery	ecommerce	UGX	4958100.00	576.000	178
2026-04-01	Gulu	Grocery	loyalty_app	KES	1398.00	3.000	2
2026-04-01	Gulu	Grocery	loyalty_app	RWF	5032.00	2.000	1
2026-04-01	Gulu	Grocery	loyalty_app	UGX	5839900.00	623.000	206
2026-04-01	Gulu	Grocery	pos	KES	1446.00	6.000	3
2026-04-01	Gulu	Grocery	pos	RWF	17298.00	3.000	2
2026-04-01	Gulu	Grocery	pos	UGX	4941500.00	535.000	179
2026-04-01	Gulu	Household	ecommerce	KES	3310.00	10.000	2
2026-04-01	Gulu	Household	ecommerce	RWF	-14898.00	-3.000	0
2026-04-01	Gulu	Household	ecommerce	UGX	4767200.00	493.000	166
2026-04-01	Gulu	Household	loyalty_app	KES	1592.00	2.000	2
2026-04-01	Gulu	Household	loyalty_app	RWF	18498.00	3.000	1
2026-04-01	Gulu	Household	loyalty_app	UGX	5682000.00	591.000	194
2026-04-01	Gulu	Household	pos	KES	1264.00	4.000	2
2026-04-01	Gulu	Household	pos	RWF	25028.00	8.000	3
2026-04-01	Gulu	Household	pos	UGX	6038900.00	565.000	193
2026-04-01	Jinja	Beverages	ecommerce	KES	4698.00	18.000	6
2026-04-01	Jinja	Beverages	ecommerce	RWF	37362.00	7.000	2
2026-04-01	Jinja	Beverages	ecommerce	UGX	6940100.00	676.000	231
2026-04-01	Jinja	Beverages	loyalty_app	KES	672.00	2.000	2
2026-04-01	Jinja	Beverages	loyalty_app	RWF	56688.00	18.000	7
2026-04-01	Jinja	Beverages	loyalty_app	UGX	5885800.00	620.000	207
2026-04-01	Jinja	Beverages	pos	KES	3918.00	13.000	7
2026-04-01	Jinja	Beverages	pos	RWF	15696.00	6.000	1
2026-04-01	Jinja	Beverages	pos	UGX	7013100.00	735.000	250
2026-04-01	Jinja	Grocery	ecommerce	KES	4340.00	10.000	3
2026-04-01	Jinja	Grocery	ecommerce	RWF	31392.00	12.000	4
2026-04-01	Jinja	Grocery	ecommerce	UGX	6251200.00	659.000	220
2026-04-01	Jinja	Grocery	loyalty_app	KES	-772.00	-2.000	0
2026-04-01	Jinja	Grocery	loyalty_app	RWF	39758.00	13.000	4
2026-04-01	Jinja	Grocery	loyalty_app	UGX	6022700.00	721.000	233
2026-04-01	Jinja	Grocery	pos	KES	1596.00	6.000	2
2026-04-01	Jinja	Grocery	pos	RWF	31958.00	13.000	4
2026-04-01	Jinja	Grocery	pos	UGX	6654500.00	703.000	235
2026-04-01	Jinja	Household	ecommerce	KES	11490.00	30.000	7
2026-04-01	Jinja	Household	ecommerce	RWF	31226.00	11.000	3
2026-04-01	Jinja	Household	ecommerce	UGX	7355200.00	737.000	260
2026-04-01	Jinja	Household	loyalty_app	KES	7070.00	20.000	3
2026-04-01	Jinja	Household	loyalty_app	RWF	11164.00	4.000	4
2026-04-01	Jinja	Household	loyalty_app	UGX	7367200.00	734.000	230
2026-04-01	Jinja	Household	pos	KES	3232.00	7.000	2
2026-04-01	Jinja	Household	pos	RWF	11930.00	5.000	2
2026-04-01	Jinja	Household	pos	UGX	6476800.00	656.000	216
2026-04-01	Kampala	Beverages	ecommerce	KES	3006.00	11.000	4
2026-04-01	Kampala	Beverages	ecommerce	RWF	29790.00	15.000	5
2026-04-01	Kampala	Beverages	ecommerce	UGX	6340600.00	698.000	222
2026-04-01	Kampala	Beverages	loyalty_app	KES	8484.00	19.000	5
2026-04-01	Kampala	Beverages	loyalty_app	RWF	17694.00	9.000	4
2026-04-01	Kampala	Beverages	loyalty_app	UGX	6326000.00	634.000	213
2026-04-01	Kampala	Beverages	pos	KES	6750.00	15.000	5
2026-04-01	Kampala	Beverages	pos	RWF	36756.00	16.000	4
2026-04-01	Kampala	Beverages	pos	UGX	6701100.00	669.000	213
2026-04-01	Kampala	Grocery	ecommerce	KES	466.00	5.000	2
2026-04-01	Kampala	Grocery	ecommerce	RWF	28992.00	12.000	4
2026-04-01	Kampala	Grocery	ecommerce	UGX	6426800.00	676.000	228
2026-04-01	Kampala	Grocery	loyalty_app	KES	1168.00	8.000	4
2026-04-01	Kampala	Grocery	loyalty_app	RWF	23796.00	6.000	3
2026-04-01	Kampala	Grocery	loyalty_app	UGX	6760200.00	771.000	249
2026-04-01	Kampala	Grocery	pos	KES	1158.00	3.000	1
2026-04-01	Kampala	Grocery	pos	RWF	62088.00	18.000	7
2026-04-01	Kampala	Grocery	pos	UGX	6588000.00	702.000	237
2026-04-01	Kampala	Household	ecommerce	KES	318.00	3.000	1
2026-04-01	Kampala	Household	ecommerce	RWF	28328.00	8.000	2
2026-04-01	Kampala	Household	ecommerce	UGX	6694400.00	661.000	221
2026-04-01	Kampala	Household	loyalty_app	KES	3876.00	10.000	5
2026-04-01	Kampala	Household	loyalty_app	RWF	18664.00	4.000	3
2026-04-01	Kampala	Household	loyalty_app	UGX	6364600.00	608.000	206
2026-04-01	Kampala	Household	pos	KES	3052.00	7.000	2
2026-04-01	Kampala	Household	pos	RWF	3064.00	4.000	1
2026-04-01	Kampala	Household	pos	UGX	6404200.00	671.000	221
2026-04-01	Mbarara	Beverages	ecommerce	KES	474.00	4.000	2
2026-04-01	Mbarara	Beverages	ecommerce	RWF	23796.00	6.000	3
2026-04-01	Mbarara	Beverages	ecommerce	UGX	5687600.00	637.000	189
2026-04-01	Mbarara	Beverages	loyalty_app	KES	1302.00	2.000	2
2026-04-01	Mbarara	Beverages	loyalty_app	RWF	6264.00	4.000	2
2026-04-01	Mbarara	Beverages	loyalty_app	UGX	6550600.00	668.000	228
2026-04-01	Mbarara	Beverages	pos	KES	3810.00	10.000	3
2026-04-01	Mbarara	Beverages	pos	RWF	25128.00	8.000	4
2026-04-01	Mbarara	Beverages	pos	UGX	6395400.00	648.000	228
2026-04-01	Mbarara	Grocery	ecommerce	KES	918.00	3.000	2
2026-04-01	Mbarara	Grocery	ecommerce	RWF	21226.00	11.000	3
2026-04-01	Mbarara	Grocery	ecommerce	UGX	7187000.00	769.000	258
2026-04-01	Mbarara	Grocery	loyalty_app	KES	944.00	4.000	1
2026-04-01	Mbarara	Grocery	loyalty_app	RWF	8462.00	7.000	2
2026-04-01	Mbarara	Grocery	loyalty_app	UGX	6523800.00	687.000	232
2026-04-01	Mbarara	Grocery	pos	KES	2790.00	9.000	3
2026-04-01	Mbarara	Grocery	pos	RWF	48492.00	12.000	4
2026-04-01	Mbarara	Grocery	pos	UGX	6368200.00	677.000	229
2026-04-01	Mbarara	Household	ecommerce	KES	828.00	3.000	3
2026-04-01	Mbarara	Household	ecommerce	RWF	51728.00	8.000	3
2026-04-01	Mbarara	Household	ecommerce	UGX	7702300.00	767.000	253
2026-04-01	Mbarara	Household	loyalty_app	KES	980.00	5.000	2
2026-04-01	Mbarara	Household	loyalty_app	RWF	10794.00	9.000	3
2026-04-01	Mbarara	Household	loyalty_app	UGX	6138400.00	638.000	206
2026-04-01	Mbarara	Household	pos	KES	2980.00	6.000	3
2026-04-01	Mbarara	Household	pos	RWF	6932.00	2.000	1
2026-04-01	Mbarara	Household	pos	UGX	6052600.00	605.000	204
2026-05-01	Gulu	Beverages	ecommerce	KES	6906.00	21.000	8
2026-05-01	Gulu	Beverages	ecommerce	RWF	22428.00	8.000	4
2026-05-01	Gulu	Beverages	ecommerce	UGX	8032100.00	781.000	262
2026-05-01	Gulu	Beverages	loyalty_app	KES	2172.00	12.000	3
2026-05-01	Gulu	Beverages	loyalty_app	RWF	-10866.00	-1.000	1
2026-05-01	Gulu	Beverages	loyalty_app	UGX	7092500.00	754.000	250
2026-05-01	Gulu	Beverages	pos	KES	5700.00	15.000	6
2026-05-01	Gulu	Beverages	pos	RWF	28128.00	8.000	2
2026-05-01	Gulu	Beverages	pos	UGX	8118000.00	792.000	262
2026-05-01	Gulu	Grocery	ecommerce	KES	978.00	3.000	1
2026-05-01	Gulu	Grocery	ecommerce	RWF	6832.00	2.000	2
2026-05-01	Gulu	Grocery	ecommerce	UGX	6640900.00	722.000	244
2026-05-01	Gulu	Grocery	loyalty_app	KES	3114.00	9.000	3
2026-05-01	Gulu	Grocery	loyalty_app	RWF	19064.00	4.000	1
2026-05-01	Gulu	Grocery	loyalty_app	UGX	6187600.00	773.000	250
2026-05-01	Gulu	Grocery	pos	KES	3518.00	13.000	4
2026-05-01	Gulu	Grocery	pos	RWF	11230.00	5.000	3
2026-05-01	Gulu	Grocery	pos	UGX	7076300.00	760.000	245
2026-05-01	Gulu	Household	ecommerce	KES	2530.00	10.000	3
2026-05-01	Gulu	Household	ecommerce	RWF	39926.00	11.000	3
2026-05-01	Gulu	Household	ecommerce	UGX	8036100.00	846.000	271
2026-05-01	Gulu	Household	loyalty_app	KES	4422.00	12.000	5
2026-05-01	Gulu	Household	loyalty_app	RWF	60058.00	13.000	4
2026-05-01	Gulu	Household	loyalty_app	UGX	6517900.00	704.000	234
2026-05-01	Gulu	Household	pos	KES	710.00	5.000	2
2026-05-01	Gulu	Household	pos	RWF	33894.00	9.000	3
2026-05-01	Gulu	Household	pos	UGX	8303000.00	784.000	266
2026-05-01	Jinja	Beverages	ecommerce	KES	8406.00	31.000	7
2026-05-01	Jinja	Beverages	ecommerce	RWF	55224.00	14.000	5
2026-05-01	Jinja	Beverages	ecommerce	UGX	8810100.00	954.000	301
2026-05-01	Jinja	Beverages	loyalty_app	KES	5322.00	17.000	5
2026-05-01	Jinja	Beverages	loyalty_app	RWF	47454.00	19.000	7
2026-05-01	Jinja	Beverages	loyalty_app	UGX	8312800.00	866.000	303
2026-05-01	Jinja	Beverages	pos	KES	2610.00	10.000	5
2026-05-01	Jinja	Beverages	pos	RWF	39858.00	13.000	7
2026-05-01	Jinja	Beverages	pos	UGX	8185300.00	863.000	281
2026-05-01	Jinja	Grocery	ecommerce	KES	-182.00	8.000	3
2026-05-01	Jinja	Grocery	ecommerce	RWF	32728.00	8.000	2
2026-05-01	Jinja	Grocery	ecommerce	UGX	9014900.00	994.000	315
2026-05-01	Jinja	Grocery	loyalty_app	KES	4748.00	13.000	3
2026-05-01	Jinja	Grocery	loyalty_app	RWF	7692.00	12.000	4
2026-05-01	Jinja	Grocery	loyalty_app	UGX	9745600.00	1049.000	312
2026-05-01	Jinja	Grocery	pos	KES	2776.00	8.000	3
2026-05-01	Jinja	Grocery	pos	RWF	50422.00	17.000	5
2026-05-01	Jinja	Grocery	pos	UGX	8774600.00	1003.000	313
2026-05-01	Jinja	Household	ecommerce	KES	2496.00	6.000	2
2026-05-01	Jinja	Household	ecommerce	RWF	35560.00	10.000	4
2026-05-01	Jinja	Household	ecommerce	UGX	8395400.00	832.000	281
2026-05-01	Jinja	Household	loyalty_app	KES	1430.00	5.000	1
2026-05-01	Jinja	Household	loyalty_app	RWF	33760.00	10.000	4
2026-05-01	Jinja	Household	loyalty_app	UGX	9667300.00	944.000	305
2026-05-01	Jinja	Household	pos	KES	452.00	2.000	3
2026-05-01	Jinja	Household	pos	RWF	60722.00	17.000	6
2026-05-01	Jinja	Household	pos	UGX	10433100.00	1032.000	324
2026-05-01	Kampala	Beverages	ecommerce	KES	4128.00	13.000	4
2026-05-01	Kampala	Beverages	ecommerce	RWF	10830.00	5.000	4
2026-05-01	Kampala	Beverages	ecommerce	UGX	9390100.00	974.000	313
2026-05-01	Kampala	Beverages	loyalty_app	KES	5454.00	14.000	5
2026-05-01	Kampala	Beverages	loyalty_app	RWF	88584.00	24.000	8
2026-05-01	Kampala	Beverages	loyalty_app	UGX	8069900.00	853.000	275
2026-05-01	Kampala	Beverages	pos	KES	5490.00	15.000	4
2026-05-01	Kampala	Beverages	pos	RWF	58320.00	20.000	8
2026-05-01	Kampala	Beverages	pos	UGX	8747100.00	900.000	302
2026-05-01	Kampala	Grocery	ecommerce	KES	5142.00	12.000	4
2026-05-01	Kampala	Grocery	ecommerce	RWF	48526.00	11.000	3
2026-05-01	Kampala	Grocery	ecommerce	UGX	9614200.00	977.000	301
2026-05-01	Kampala	Grocery	loyalty_app	KES	640.00	5.000	2
2026-05-01	Kampala	Grocery	loyalty_app	RWF	31318.00	23.000	6
2026-05-01	Kampala	Grocery	loyalty_app	UGX	10178400.00	1068.000	325
2026-05-01	Kampala	Grocery	pos	KES	4546.00	17.000	7
2026-05-01	Kampala	Grocery	pos	RWF	43794.00	9.000	4
2026-05-01	Kampala	Grocery	pos	UGX	8540400.00	915.000	297
2026-05-01	Kampala	Household	ecommerce	KES	5448.00	18.000	6
2026-05-01	Kampala	Household	ecommerce	RWF	47324.00	14.000	5
2026-05-01	Kampala	Household	ecommerce	UGX	8170900.00	851.000	298
2026-05-01	Kampala	Household	loyalty_app	KES	-66.00	5.000	4
2026-05-01	Kampala	Household	loyalty_app	RWF	28992.00	12.000	5
2026-05-01	Kampala	Household	loyalty_app	UGX	9268200.00	936.000	303
2026-05-01	Kampala	Household	pos	RWF	8132.00	2.000	2
2026-05-01	Kampala	Household	pos	UGX	9298300.00	953.000	314
2026-05-01	Mbarara	Beverages	ecommerce	KES	3966.00	11.000	4
2026-05-01	Mbarara	Beverages	ecommerce	RWF	106950.00	25.000	7
2026-05-01	Mbarara	Beverages	ecommerce	UGX	10179800.00	1039.000	322
2026-05-01	Mbarara	Beverages	loyalty_app	KES	9120.00	20.000	5
2026-05-01	Mbarara	Beverages	loyalty_app	RWF	8094.00	9.000	1
2026-05-01	Mbarara	Beverages	loyalty_app	UGX	9618300.00	990.000	324
2026-05-01	Mbarara	Beverages	pos	KES	5054.00	15.000	6
2026-05-01	Mbarara	Beverages	pos	RWF	11196.00	6.000	2
2026-05-01	Mbarara	Beverages	pos	UGX	7823900.00	838.000	279
2026-05-01	Mbarara	Grocery	ecommerce	KES	3856.00	11.000	5
2026-05-01	Mbarara	Grocery	ecommerce	RWF	27464.00	4.000	2
2026-05-01	Mbarara	Grocery	ecommerce	UGX	8829900.00	909.000	304
2026-05-01	Mbarara	Grocery	loyalty_app	KES	5912.00	22.000	7
2026-05-01	Mbarara	Grocery	loyalty_app	RWF	34188.00	18.000	7
2026-05-01	Mbarara	Grocery	loyalty_app	UGX	9538000.00	1019.000	330
2026-05-01	Mbarara	Grocery	pos	KES	1914.00	9.000	1
2026-05-01	Mbarara	Grocery	pos	RWF	15764.00	4.000	2
2026-05-01	Mbarara	Grocery	pos	UGX	9331600.00	1013.000	325
2026-05-01	Mbarara	Household	ecommerce	KES	74.00	-1.000	1
2026-05-01	Mbarara	Household	ecommerce	RWF	32828.00	8.000	4
2026-05-01	Mbarara	Household	ecommerce	UGX	10107800.00	970.000	308
2026-05-01	Mbarara	Household	loyalty_app	KES	3610.00	10.000	4
2026-05-01	Mbarara	Household	loyalty_app	RWF	21964.00	4.000	2
2026-05-01	Mbarara	Household	loyalty_app	UGX	10540300.00	1034.000	326
2026-05-01	Mbarara	Household	pos	KES	3206.00	11.000	6
2026-05-01	Mbarara	Household	pos	RWF	34826.00	11.000	3
2026-05-01	Mbarara	Household	pos	UGX	8685000.00	855.000	292
2026-06-01	Gulu	Beverages	ecommerce	KES	732.00	2.000	2
2026-06-01	Gulu	Beverages	ecommerce	RWF	17130.00	5.000	2
2026-06-01	Gulu	Beverages	ecommerce	UGX	4761400.00	506.000	176
2026-06-01	Gulu	Beverages	loyalty_app	KES	996.00	11.000	3
2026-06-01	Gulu	Beverages	loyalty_app	RWF	4266.00	1.000	1
2026-06-01	Gulu	Beverages	loyalty_app	UGX	3890700.00	414.000	149
2026-06-01	Gulu	Beverages	pos	KES	1026.00	1.000	1
2026-06-01	Gulu	Beverages	pos	RWF	4698.00	3.000	1
2026-06-01	Gulu	Beverages	pos	UGX	5756900.00	583.000	183
2026-06-01	Gulu	Grocery	ecommerce	KES	1392.00	12.000	3
2026-06-01	Gulu	Grocery	ecommerce	RWF	29462.00	7.000	2
2026-06-01	Gulu	Grocery	ecommerce	UGX	4847900.00	517.000	165
2026-06-01	Gulu	Grocery	loyalty_app	KES	2706.00	6.000	3
2026-06-01	Gulu	Grocery	loyalty_app	RWF	19064.00	4.000	1
2026-06-01	Gulu	Grocery	loyalty_app	UGX	4307700.00	510.000	180
2026-06-01	Gulu	Grocery	pos	RWF	11394.00	9.000	2
2026-06-01	Gulu	Grocery	pos	UGX	5642300.00	574.000	180
2026-06-01	Gulu	Household	ecommerce	KES	1024.00	4.000	1
2026-06-01	Gulu	Household	ecommerce	RWF	29362.00	7.000	2
2026-06-01	Gulu	Household	ecommerce	UGX	5810400.00	585.000	189
2026-06-01	Gulu	Household	loyalty_app	KES	526.00	1.000	1
2026-06-01	Gulu	Household	loyalty_app	RWF	63990.00	15.000	4
2026-06-01	Gulu	Household	loyalty_app	UGX	4233100.00	440.000	147
2026-06-01	Gulu	Household	pos	KES	2844.00	9.000	3
2026-06-01	Gulu	Household	pos	RWF	19730.00	5.000	2
2026-06-01	Gulu	Household	pos	UGX	5462300.00	562.000	190
2026-06-01	Jinja	Beverages	ecommerce	KES	240.00	0.000	1
2026-06-01	Jinja	Beverages	ecommerce	RWF	27126.00	11.000	3
2026-06-01	Jinja	Beverages	ecommerce	UGX	6324100.00	665.000	218
2026-06-01	Jinja	Beverages	loyalty_app	KES	5016.00	11.000	4
2026-06-01	Jinja	Beverages	loyalty_app	RWF	29694.00	9.000	4
2026-06-01	Jinja	Beverages	loyalty_app	UGX	6399100.00	653.000	220
2026-06-01	Jinja	Beverages	pos	KES	7842.00	22.000	7
2026-06-01	Jinja	Beverages	pos	RWF	5196.00	6.000	2
2026-06-01	Jinja	Beverages	pos	UGX	6315700.00	632.000	208
2026-06-01	Jinja	Grocery	ecommerce	KES	-798.00	-3.000	0
2026-06-01	Jinja	Grocery	ecommerce	RWF	11496.00	6.000	3
2026-06-01	Jinja	Grocery	ecommerce	UGX	6017200.00	650.000	215
2026-06-01	Jinja	Grocery	loyalty_app	KES	3132.00	12.000	4
2026-06-01	Jinja	Grocery	loyalty_app	RWF	21062.00	7.000	4
2026-06-01	Jinja	Grocery	loyalty_app	UGX	6284000.00	691.000	219
2026-06-01	Jinja	Grocery	pos	KES	146.00	1.000	1
2026-06-01	Jinja	Grocery	pos	RWF	28228.00	8.000	3
2026-06-01	Jinja	Grocery	pos	UGX	5264400.00	618.000	197
2026-06-01	Jinja	Household	ecommerce	KES	3130.00	10.000	3
2026-06-01	Jinja	Household	ecommerce	RWF	45026.00	11.000	3
2026-06-01	Jinja	Household	ecommerce	UGX	6078600.00	621.000	215
2026-06-01	Jinja	Household	loyalty_app	KES	2964.00	9.000	3
2026-06-01	Jinja	Household	loyalty_app	RWF	10596.00	6.000	2
2026-06-01	Jinja	Household	loyalty_app	UGX	7220300.00	685.000	227
2026-06-01	Jinja	Household	pos	KES	1828.00	12.000	4
2026-06-01	Jinja	Household	pos	RWF	29528.00	8.000	3
2026-06-01	Jinja	Household	pos	UGX	5683100.00	586.000	206
2026-06-01	Kampala	Beverages	ecommerce	KES	4920.00	15.000	5
2026-06-01	Kampala	Beverages	ecommerce	RWF	22194.00	9.000	3
2026-06-01	Kampala	Beverages	ecommerce	UGX	6066100.00	617.000	197
2026-06-01	Kampala	Beverages	loyalty_app	KES	1742.00	8.000	3
2026-06-01	Kampala	Beverages	loyalty_app	RWF	-5166.00	-1.000	1
2026-06-01	Kampala	Beverages	loyalty_app	UGX	6089300.00	643.000	210
2026-06-01	Kampala	Beverages	pos	RWF	22830.00	5.000	3
2026-06-01	Kampala	Beverages	pos	UGX	5974200.00	630.000	205
2026-06-01	Kampala	Grocery	ecommerce	KES	1480.00	5.000	1
2026-06-01	Kampala	Grocery	ecommerce	RWF	30560.00	10.000	4
2026-06-01	Kampala	Grocery	ecommerce	UGX	6503200.00	686.000	218
2026-06-01	Kampala	Grocery	loyalty_app	KES	1158.00	3.000	1
2026-06-01	Kampala	Grocery	loyalty_app	RWF	16596.00	6.000	1
2026-06-01	Kampala	Grocery	loyalty_app	UGX	6272200.00	692.000	225
2026-06-01	Kampala	Grocery	pos	KES	232.00	2.000	2
2026-06-01	Kampala	Grocery	pos	RWF	8830.00	5.000	2
2026-06-01	Kampala	Grocery	pos	UGX	6118500.00	645.000	207
2026-06-01	Kampala	Household	ecommerce	KES	2768.00	8.000	2
2026-06-01	Kampala	Household	ecommerce	RWF	17426.00	11.000	4
2026-06-01	Kampala	Household	ecommerce	UGX	5893600.00	602.000	213
2026-06-01	Kampala	Household	loyalty_app	KES	8160.00	15.000	3
2026-06-01	Kampala	Household	loyalty_app	RWF	29362.00	7.000	3
2026-06-01	Kampala	Household	loyalty_app	UGX	7050100.00	710.000	236
2026-06-01	Kampala	Household	pos	KES	10004.00	29.000	8
2026-06-01	Kampala	Household	pos	RWF	38190.00	15.000	5
2026-06-01	Kampala	Household	pos	UGX	5637200.00	568.000	197
2026-06-01	Mbarara	Beverages	ecommerce	KES	690.00	5.000	2
2026-06-01	Mbarara	Beverages	ecommerce	RWF	42294.00	9.000	3
2026-06-01	Mbarara	Beverages	ecommerce	UGX	6081100.00	602.000	198
2026-06-01	Mbarara	Beverages	loyalty_app	KES	1734.00	4.000	2
2026-06-01	Mbarara	Beverages	loyalty_app	RWF	10032.00	2.000	2
2026-06-01	Mbarara	Beverages	loyalty_app	UGX	6454100.00	667.000	216
2026-06-01	Mbarara	Beverages	pos	KES	1782.00	7.000	2
2026-06-01	Mbarara	Beverages	pos	RWF	90882.00	27.000	8
2026-06-01	Mbarara	Beverages	pos	UGX	6738800.00	727.000	226
2026-06-01	Mbarara	Grocery	ecommerce	KES	7592.00	22.000	5
2026-06-01	Mbarara	Grocery	ecommerce	RWF	43426.00	11.000	3
2026-06-01	Mbarara	Grocery	ecommerce	UGX	6850500.00	759.000	251
2026-06-01	Mbarara	Grocery	loyalty_app	KES	1094.00	4.000	2
2026-06-01	Mbarara	Grocery	loyalty_app	RWF	91420.00	20.000	5
2026-06-01	Mbarara	Grocery	loyalty_app	UGX	6278900.00	688.000	230
2026-06-01	Mbarara	Grocery	pos	RWF	11530.00	5.000	3
2026-06-01	Mbarara	Grocery	pos	UGX	5796300.00	627.000	199
2026-06-01	Mbarara	Household	ecommerce	KES	4318.00	13.000	6
2026-06-01	Mbarara	Household	ecommerce	RWF	58558.00	13.000	3
2026-06-01	Mbarara	Household	ecommerce	UGX	5613100.00	563.000	188
2026-06-01	Mbarara	Household	loyalty_app	KES	4038.00	18.000	5
2026-06-01	Mbarara	Household	loyalty_app	RWF	36658.00	13.000	4
2026-06-01	Mbarara	Household	loyalty_app	UGX	5984200.00	578.000	182
2026-06-01	Mbarara	Household	pos	KES	1338.00	3.000	2
2026-06-01	Mbarara	Household	pos	RWF	7864.00	4.000	1
2026-06-01	Mbarara	Household	pos	UGX	5976300.00	627.000	222
