sku,name,unit,category,updated_at
KMB-P0000,Sample Item 0000,kg,Grocery,2026-06-01
KMB-P0001,Sample Item 0001,l,Beverages,2026-06-01
KMB-P0002,Sample Item 0002,each,Household,2026-06-01
KMB-P0003,Sample Item 0003,kg,Grocery,2026-06-01
KMB-P0004,Sample Item 0004,l,Beverages,2026-06-01
KMB-P0005,Sample Item 0005,each,Household,2026-06-01
KMB-P0006,Sample Item 0006,kg,Grocery,2026-06-01
KMB-P0007,Sample Item 0007,l,Beverages,2026-06-01
KMB-P0008,Sample Item 0008,each,Household,2026-06-01
KMB-P0009,Sample Item 0009,kg,Grocery,2026-06-01
KMB-P0010,Sample Item 0010,l,Beverages,2026-06-01
KMB-P0011,Sample Item 0011,each,Household,2026-06-01
KMB-P0012,Sample Item 0012,kg,Grocery,2026-06-01
KMB-P0013,Sample Item 0013,l,Beverages,2026-06-01
KMB-P0014,Sample Item 0014,each,Household,2026-06-01
KMB-P0015,Sample Item 0015,kg,Grocery,2026-06-01
KMB-P0016,Sample Item 0016,l,Beverages,2026-06-01
KMB-P0017,Sample Item 0017,each,Household,2026-06-01
KMB-P0018,Sample Item 0018,kg,Grocery,2026-06-01
KMB-P0019,Sample Item 0019,l,Beverages,2026-06-01
KMB-P0020,Sample Item 0020,each,Household,2026-06-01
KMB-P0021,Sample Item 0021,kg,Grocery,2026-06-01
KMB-P0022,Sample Item 0022,l,Beverages,2026-06-01
KMB-P0023,Sample Item 0023,each,Household,2026-06-01
KMB-P0024,Sample Item 0024,kg,Grocery,2026-06-01
KMB-P0025,Sample Item 0025,l,Beverages,2026-06-01
KMB-P0026,Sample Item 0026,each,Household,2026-06-01
KMB-P0027,Sample Item 0027,kg,Grocery,2026-06-01
KMB-P0028,Sample Item 0028,l,Beverages,2026-06-01
KMB-P0029,Sample Item 0029,each,Household,2026-06-01
KMB-P0030,Sample Item 0030,kg,Grocery,2026-06-01
KMB-P0031,Sample Item 0031,l,Beverages,2026-06-01
KMB-P0032,Sample Item 0032,each,Household,2026-06-01
KMB-P0033,Sample Item 0033,kg,Grocery,2026-06-01
KMB-P0034,Sample Item 0034,l,Beverages,2026-06-01
KMB-P0035,Sample Item 0035,each,Household,2026-06-01
KMB-P0036,Sample Item 0036,kg,Grocery,2026-06-01
KMB-P0037,Sample Item 0037,l,Beverages,2026-06-01
KMB-P0038,Sample Item 0038,each,Household,2026-06-01
KMB-P0039,Sample Item 0039,kg,Grocery,2026-06-01
KMB-P0040,Sample Item 0040,l,Beverages,2026-06-01
KMB-P0041,Sample Item 0041,each,Household,2026-06-01
KMB-P0042,Sample Item 0042,kg,Grocery,2026-06-01
KMB-P0043,Sample Item 0043,l,Beverages,2026-06-01
KMB-P0044,Sample Item 0044,each,Household,2026-06-01
KMB-P0045,Sample Item 0045,kg,Grocery,2026-06-01
KMB-P0046,Sample Item 0046,l,Beverages,2026-06-01
KMB-P0047,Sample Item 0047,each,Household,2026-06-01
KMB-P0048,Sample Item 0048,kg,Grocery,2026-06-01
KMB-P0049,Sample Item 0049,l,Beverages,2026-06-01
KMB-P0050,Sample Item 0050,each,Household,2026-06-01
KMB-P0051,Sample Item 0051,kg,Grocery,2026-06-01
KMB-P0052,Sample Item 0052,l,Beverages,2026-06-01
KMB-P0053,Sample Item 0053,each,Household,2026-06-01
KMB-P0054,Sample Item 0054,kg,Grocery,2026-06-01
KMB-P0055,Sample Item 0055,l,Beverages,2026-06-01
KMB-P0056,Sample Item 0056,each,Household,2026-06-01
KMB-P0057,Sample Item 0057,kg,Grocery,2026-06-01
KMB-P0058,Sample Item 0058,l,Beverages,2026-06-01
KMB-P0059,Sample Item 0059,each,Household,2026-06-01
KMB-P0060,Sample Item 0060,kg,Grocery,2026-06-01
KMB-P0061,Sample Item 0061,l,Beverages,2026-06-01
KMB-P0062,Sample Item 0062,each,Household,2026-06-01
KMB-P0063,Sample Item 0063,kg,Grocery,2026-06-01
KMB-P0064,Sample Item 0064,l,Beverages,2026-06-01
KMB-P0065,Sample Item 0065,each,Household,2026-06-01
KMB-P0066,Sample Item 0066,kg,Grocery,2026-06-01
KMB-P0067,Sample Item 0067,l,Beverages,2026-06-01
KMB-P0068,Sample Item 0068,each,Household,2026-06-01
KMB-P0069,Sample Item 0069,kg,Grocery,2026-06-01
KMB-P0070,Sample Item 0070,l,Beverages,2026-06-01
KMB-P0071,Sample Item 0071,each,Household,2026-06-01
KMB-P0072,Sample Item 0072,kg,Grocery,2026-06-01
KMB-P0073,Sample Item 0073,l,Beverages,2026-06-01
KMB-P0074,Sample Item 0074,each,Household,2026-06-01
KMB-P0075,Sample Item 0075,kg,Grocery,2026-06-01
KMB-P0076,Sample Item 0076,l,Beverages,2026-06-01
KMB-P0077,Sample Item 0077,each,Household,2026-06-01
KMB-P0078,Sample Item 0078,kg,Grocery,2026-06-01
KMB-P0079,Sample Item 0079,l,Beverages,2026-06-01
KMB-P0080,Sample Item 0080,each,Household,2026-06-01
KMB-P0081,Sample Item 0081,kg,Grocery,2026-06-01
KMB-P0082,Sample Item 0082,l,Beverages,2026-06-01
KMB-P0083,Sample Item 0083,each,Household,2026-06-01
KMB-P0084,Sample Item 0084,kg,Grocery,2026-06-01
KMB-P0085,Sample Item 0085,l,Beverages,2026-06-01
KMB-P0086,Sample Item 0086,each,Household,2026-06-01
KMB-P0087,Sample Item 0087,kg,Grocery,2026-06-01
KMB-P0088,Sample Item 0088,l,Beverages,2026-06-01
KMB-P0089,Sample Item 0089,each,Household,2026-06-01
KMB-P0090,Sample Item 0090,kg,Grocery,2026-06-01
KMB-P0091,Sample Item 0091,l,Beverages,2026-06-01
KMB-P0092,Sample Item 0092,each,Household,2026-06-01
KMB-P0093,Sample Item 0093,kg,Grocery,2026-06-01
KMB-P0094,Sample Item 0094,l,Beverages,2026-06-01
KMB-P0095,Sample Item 0095,each,Household,2026-06-01
KMB-P0096,Sample Item 0096,kg,Grocery,2026-06-01
KMB-P0097,Sample Item 0097,l,Beverages,2026-06-01
KMB-P0098,Sample Item 0098,each,Household,2026-06-01
KMB-P0099,Sample Item 0099,kg,Grocery,2026-06-01
KMB-P0100,Sample Item 0100,l,Beverages,2026-06-01
KMB-P0101,Sample Item 0101,each,Household,2026-06-01
KMB-P0102,Sample Item 0102,kg,Grocery,2026-06-01
KMB-P0103,Sample Item 0103,l,Beverages,2026-06-01
KMB-P0104,Sample Item 0104,each,Household,2026-06-01
KMB-P0105,Sample Item 0105,kg,Grocery,2026-06-01
KMB-P0106,Sample Item 0106,l,Beverages,2026-06-01
KMB-P0107,Sample Item 0107,each,Household,2026-06-01
KMB-P0108,Sample Item 0108,kg,Grocery,2026-06-01
KMB-P0109,Sample Item 0109,l,Beverages,2026-06-01
KMB-P0110,Sample Item 0110,each,Household,2026-06-01
KMB-P0111,Sample Item 0111,kg,Grocery,2026-06-01
KMB-P0112,Sample Item 0112,l,Beverages,2026-06-01
KMB-P0113,Sample Item 0113,each,Household,2026-06-01
KMB-P0114,Sample Item 0114,kg,Grocery,2026-06-01
KMB-P0115,Sample Item 0115,l,Beverages,2026-06-01
KMB-P0116,Sample Item 0116,each,Household,2026-06-01
KMB-P0117,Sample Item 0117,kg,Grocery,2026-06-01
KMB-P0118,Sample Item 0118,l,Beverages,2026-06-01
KMB-P0119,Sample Item 0119,each,Household,2026-06-01
KMB-P0120,Sample Item 0120,kg,Grocery,2026-06-01
KMB-P0121,Sample Item 0121,l,Beverages,2026-06-01
KMB-P0122,Sample Item 0122,each,Household,2026-06-01
KMB-P0123,Sample Item 0123,kg,Grocery,2026-06-01
KMB-P0124,Sample Item 0124,l,Beverages,2026-06-01
KMB-P0125,Sample Item 0125,each,Household,2026-06-01
KMB-P0126,Sample Item 0126,kg,Grocery,2026-06-01
KMB-P0127,Sample Item 0127,l,Beverages,2026-06-01
KMB-P0128,Sample Item 0128,each,Household,2026-06-01
KMB-P0129,Sample Item 0129,kg,Grocery,2026-06-01
KMB-P0130,Sample Item 0130,l,Beverages,2026-06-01
KMB-P0131,Sample Item 0131,each,Household,2026-06-01
KMB-P0132,Sample Item 0132,kg,Grocery,2026-06-01
KMB-P0133,Sample Item 0133,l,Beverages,2026-06-01
KMB-P0134,Sample Item 0134,each,Household,2026-06-01
KMB-P0135,Sample Item 0135,kg,Grocery,2026-06-01
KMB-P0136,Sample Item 0136,l,Beverages,2026-06-01
KMB-P0137,Sample Item 0137,each,Household,2026-06-01
KMB-P0138,Sample Item 0138,kg,Grocery,2026-06-01
KMB-P0139,Sample Item 0139,l,Beverages,2026-06-01
KMB-P0140,Sample Item 0140,each,Household,2026-06-01
KMB-P0141,Sample Item 0141,kg,Grocery,2026-06-01
KMB-P0142,Sample Item 0142,l,Beverages,2026-06-01
KMB-P0143,Sample Item 0143,each,Household,2026-06-01
KMB-P0144,Sample Item 0144,kg,Grocery,2026-06-01
KMB-P0145,Sample Item 0145,l,Beverages,2026-06-01
KMB-P0146,Sample Item 0146,each,Household,2026-06-01
KMB-P0147,Sample Item 0147,kg,Grocery,2026-06-01
KMB-P0148,Sample Item 0148,l,Beverages,2026-06-01
KMB-P0149,Sample Item 0149,each,Household,2026-06-01
KMB-P0150,Sample Item 0150,kg,Grocery,2026-06-01
KMB-P0151,Sample Item 0151,l,Beverages,2026-06-01
KMB-P0152,Sample Item 0152,each,Household,2026-06-01
KMB-P0153,Sample Item 0153,kg,Grocery,2026-06-01
KMB-P0154,Sample Item 0154,l,Beverages,2026-06-01
KMB-P0155,Sample Item 0155,each,Household,2026-06-01
KMB-P0156,Sample Item 0156,kg,Grocery,2026-06-01
KMB-P0157,Sample Item 0157,l,Beverages,2026-06-01
KMB-P0158,Sample Item 0158,each,Household,2026-06-01
KMB-P0159,Sample Item 0159,kg,Grocery,2026-06-01
KMB-P0160,Sample Item 0160,l,Beverages,2026-06-01
KMB-P0161,Sample Item 0161,each,Household,2026-06-01
KMB-P0162,Sample Item 0162,kg,Grocery,2026-06-01
KMB-P0163,Sample Item 0163,l,Beverages,2026-06-01
KMB-P0164,Sample Item 0164,each,Household,2026-06-01
KMB-P0165,Sample Item 0165,kg,Grocery,2026-06-01
KMB-P0166,Sample Item 0166,l,Beverages,2026-06-01
KMB-P0167,Sample Item 0167,each,Household,2026-06-01
KMB-P0168,Sample Item 0168,kg,Grocery,2026-06-01
KMB-P0169,Sample Item 0169,l,Beverages,2026-06-01
KMB-P0170,Sample Item 0170,each,Household,2026-06-01
KMB-P0171,Sample Item 0171,kg,Grocery,2026-06-01
KMB-P0172,Sample Item 0172,l,Beverages,2026-06-01
KMB-P0173,Sample Item 0173,each,Household,2026-06-01
KMB-P0174,Sample Item 0174,kg,Grocery,2026-06-01
KMB-P0175,Sample Item 0175,l,Beverages,2026-06-01
KMB-P0176,Sample Item 0176,each,Household,2026-06-01
KMB-P0177,Sample Item 0177,kg,Grocery,2026-06-01
KMB-P0178,Sample Item 0178,l,Beverages,2026-06-01
KMB-P0179,Sample Item 0179,each,Household,2026-06-01
KMB-P0180,Sample Item 0180,kg,Grocery,2026-06-01
KMB-P0181,Sample Item 0181,l,Beverages,2026-06-01
KMB-P0182,Sample Item 0182,each,Household,2026-06-01
KMB-P0183,Sample Item 0183,kg,Grocery,2026-06-01
KMB-P0184,Sample Item 0184,l,Beverages,2026-06-01
KMB-P0185,Sample Item 0185,each,Household,2026-06-01
KMB-P0186,Sample Item 0186,kg,Grocery,2026-06-01
KMB-P0187,Sample Item 0187,l,Beverages,2026-06-01
KMB-P0188,Sample Item 0188,each,Household,2026-06-01
KMB-P0189,Sample Item 0189,kg,Grocery,2026-06-01
KMB-P0190,Sample Item 0190,l,Beverages,2026-06-01
KMB-P0191,Sample Item 0191,each,Household,2026-06-01
KMB-P0192,Sample Item 0192,kg,Grocery,2026-06-01
KMB-P0193,Sample Item 0193,l,Beverages,2026-06-01
KMB-P0194,Sample Item 0194,each,Household,2026-06-01
KMB-P0195,Sample Item 0195,kg,Grocery,2026-06-01
KMB-P0196,Sample Item 0196,l,Beverages,2026-06-01
KMB-P0197,Sample Item 0197,each,Household,2026-06-01
KMB-P0198,Sample Item 0198,kg,Grocery,2026-06-01
KMB-P0199,Sample Item 0199,l,Beverages,2026-06-01
KMB-P0200,Sample Item 0200,each,Household,2026-06-01
KMB-P0201,Sample Item 0201,kg,Grocery,2026-06-01
KMB-P0202,Sample Item 0202,l,Beverages,2026-06-01
KMB-P0203,Sample Item 0203,each,Household,2026-06-01
KMB-P0204,Sample Item 0204,kg,Grocery,2026-06-01
KMB-P0205,Sample Item 0205,l,Beverages,2026-06-01
KMB-P0206,Sample Item 0206,each,Household,2026-06-01
KMB-P0207,Sample Item 0207,kg,Grocery,2026-06-01
KMB-P0208,Sample Item 0208,l,Beverages,2026-06-01
KMB-P0209,Sample Item 0209,each,Household,2026-06-01
KMB-P0210,Sample Item 0210,kg,Grocery,2026-06-01
KMB-P0211,Sample Item 0211,l,Beverages,2026-06-01
KMB-P0212,Sample Item 0212,each,Household,2026-06-01
KMB-P0213,Sample Item 0213,kg,Grocery,2026-06-01
KMB-P0214,Sample Item 0214,l,Beverages,2026-06-01
KMB-P0215,Sample Item 0215,each,Household,2026-06-01
KMB-P0216,Sample Item 0216,kg,Grocery,2026-06-01
KMB-P0217,Sample Item 0217,l,Beverages,2026-06-01
KMB-P0218,Sample Item 0218,each,Household,2026-06-01
KMB-P0219,Sample Item 0219,kg,Grocery,2026-06-01
KMB-P0220,Sample Item 0220,l,Beverages,2026-06-01
KMB-P0221,Sample Item 0221,each,Household,2026-06-01
KMB-P0222,Sample Item 0222,kg,Grocery,2026-06-01
KMB-P0223,Sample Item 0223,l,Beverages,2026-06-01
KMB-P0224,Sample Item 0224,each,Household,2026-06-01
KMB-P0225,Sample Item 0225,kg,Grocery,2026-06-01
KMB-P0226,Sample Item 0226,l,Beverages,2026-06-01
KMB-P0227,Sample Item 0227,each,Household,2026-06-01
KMB-P0228,Sample Item 0228,kg,Grocery,2026-06-01
KMB-P0229,Sample Item 0229,l,Beverages,2026-06-01
KMB-P0230,Sample Item 0230,each,Household,2026-06-01
KMB-P0231,Sample Item 0231,kg,Grocery,2026-06-01
KMB-P0232,Sample Item 0232,l,Beverages,2026-06-01
KMB-P0233,Sample Item 0233,each,Household,2026-06-01
KMB-P0234,Sample Item 0234,kg,Grocery,2026-06-01
KMB-P0235,Sample Item 0235,l,Beverages,2026-06-01
KMB-P0236,Sample Item 0236,each,Household,2026-06-01
KMB-P0237,Sample Item 0237,kg,Grocery,2026-06-01
KMB-P0238,Sample Item 0238,l,Beverages,2026-06-01
KMB-P0239,Sample Item 0239,each,Household,2026-06-01
KMB-P0240,Sample Item 0240,kg,Grocery,2026-06-01
KMB-P0241,Sample Item 0241,l,Beverages,2026-06-01
KMB-P0242,Sample Item 0242,each,Household,2026-06-01
KMB-P0243,Sample Item 0243,kg,Grocery,2026-06-01
KMB-P0244,Sample Item 0244,l,Beverages,2026-06-01
KMB-P0245,Sample Item 0245,each,Household,2026-06-01
KMB-P0246,Sample Item 0246,kg,Grocery,2026-06-01
KMB-P0247,Sample Item 0247,l,Beverages,2026-06-01
KMB-P0248,Sample Item 0248,each,Household,2026-06-01
KMB-P0249,Sample Item 0249,kg,Grocery,2026-06-01
KMB-P0250,Sample Item 0250,l,Beverages,2026-06-01
KMB-P0251,Sample Item 0251,each,Household,2026-06-01
KMB-P0252,Sample Item 0252,kg,Grocery,2026-06-01
KMB-P0253,Sample Item 0253,l,Beverages,2026-06-01
KMB-P0254,Sample Item 0254,each,Household,2026-06-01
KMB-P0255,Sample Item 0255,kg,Grocery,2026-06-01
KMB-P0256,Sample Item 0256,l,Beverages,2026-06-01
KMB-P0257,Sample Item 0257,each,Household,2026-06-01
KMB-P0258,Sample Item 0258,kg,Grocery,2026-06-01
KMB-P0259,Sample Item 0259,l,Beverages,2026-06-01
KMB-P0260,Sample Item 0260,each,Household,2026-06-01
KMB-P0261,Sample Item 0261,kg,Grocery,2026-06-01
KMB-P0262,Sample Item 0262,l,Beverages,2026-06-01
KMB-P0263,Sample Item 0263,each,Household,2026-06-01
KMB-P0264,Sample Item 0264,kg,Grocery,2026-06-01
KMB-P0265,Sample Item 0265,l,Beverages,2026-06-01
KMB-P0266,Sample Item 0266,each,Household,2026-06-01
KMB-P0267,Sample Item 0267,kg,Grocery,2026-06-01
KMB-P0268,Sample Item 0268,l,Beverages,2026-06-01
KMB-P0269,Sample Item 0269,each,Household,2026-06-01
KMB-P0270,Sample Item 0270,kg,Grocery,2026-06-01
KMB-P0271,Sample Item 0271,l,Beverages,2026-06-01
KMB-P0272,Sample Item 0272,each,Household,2026-06-01
KMB-P0273,Sample Item 0273,kg,Grocery,2026-06-01
KMB-P0274,Sample Item 0274,l,Beverages,2026-06-01
KMB-P0275,Sample Item 0275,each,Household,2026-06-01
KMB-P0276,Sample Item 0276,kg,Grocery,2026-06-01
KMB-P0277,Sample Item 0277,l,Beverages,2026-06-01
KMB-P0278,Sample Item 0278,each,Household,2026-06-01
KMB-P0279,Sample Item 0279,kg,Grocery,2026-06-01
KMB-P0280,Sample Item 0280,l,Beverages,2026-06-01
KMB-P0281,Sample Item 0281,each,Household,2026-06-01
KMB-P0282,Sample Item 0282,kg,Grocery,2026-06-01
KMB-P0283,Sample Item 0283,l,Beverages,2026-06-01
KMB-P0284,Sample Item 0284,each,Household,2026-06-01
KMB-P0285,Sample Item 0285,kg,Grocery,2026-06-01
KMB-P0286,Sample Item 0286,l,Beverages,2026-06-01
KMB-P0287,Sample Item 0287,each,Household,2026-06-01
KMB-P0288,Sample Item 0288,kg,Grocery,2026-06-01
KMB-P0289,Sample Item 0289,l,Beverages,2026-06-01
KMB-P0290,Sample Item 0290,each,Household,2026-06-01
KMB-P0291,Sample Item 0291,kg,Grocery,2026-06-01
KMB-P0292,Sample Item 0292,l,Beverages,2026-06-01
KMB-P0293,Sample Item 0293,each,Household,2026-06-01
KMB-P0294,Sample Item 0294,kg,Grocery,2026-06-01
KMB-P0295,Sample Item 0295,l,Beverages,2026-06-01
KMB-P0296,Sample Item 0296,each,Household,2026-06-01
KMB-P0297,Sample Item 0297,kg,Grocery,2026-06-01
KMB-P0298,Sample Item 0298,l,Beverages,2026-06-01
KMB-P0299,Sample Item 0299,each,Household,2026-06-01
KMB-P0300,Sample Item 0300,kg,Grocery,2026-06-01
KMB-P0301,Sample Item 0301,l,Beverages,2026-06-01
KMB-P0302,Sample Item 0302,each,Household,2026-06-01
KMB-P0303,Sample Item 0303,kg,Grocery,2026-06-01
KMB-P0304,Sample Item 0304,l,Beverages,2026-06-01
KMB-P0305,Sample Item 0305,each,Household,2026-06-01
KMB-P0306,Sample Item 0306,kg,Grocery,2026-06-01
KMB-P0307,Sample Item 0307,l,Beverages,2026-06-01
KMB-P0308,Sample Item 0308,each,Household,2026-06-01
KMB-P0309,Sample Item 0309,kg,Grocery,2026-06-01
KMB-P0310,Sample Item 0310,l,Beverages,2026-06-01
KMB-P0311,Sample Item 0311,each,Household,2026-06-01
KMB-P0312,Sample Item 0312,kg,Grocery,2026-06-01
KMB-P0313,Sample Item 0313,l,Beverages,2026-06-01
KMB-P0314,Sample Item 0314,each,Household,2026-06-01
KMB-P0315,Sample Item 0315,kg,Grocery,2026-06-01
KMB-P0316,Sample Item 0316,l,Beverages,2026-06-01
KMB-P0317,Sample Item 0317,each,Household,2026-06-01
KMB-P0318,Sample Item 0318,kg,Grocery,2026-06-01
KMB-P0319,Sample Item 0319,l,Beverages,2026-06-01
KMB-P0320,Sample Item 0320,each,Household,2026-06-01
KMB-P0321,Sample Item 0321,kg,Grocery,2026-06-01
KMB-P0322,Sample Item 0322,l,Beverages,2026-06-01
KMB-P0323,Sample Item 0323,each,Household,2026-06-01
KMB-P0324,Sample Item 0324,kg,Grocery,2026-06-01
KMB-P0325,Sample Item 0325,l,Beverages,2026-06-01
KMB-P0326,Sample Item 0326,each,Household,2026-06-01
KMB-P0327,Sample Item 0327,kg,Grocery,2026-06-01
KMB-P0328,Sample Item 0328,l,Beverages,2026-06-01
KMB-P0329,Sample Item 0329,each,Household,2026-06-01
KMB-P0330,Sample Item 0330,kg,Grocery,2026-06-01
KMB-P0331,Sample Item 0331,l,Beverages,2026-06-01
KMB-P0332,Sample Item 0332,each,Household,2026-06-01
KMB-P0333,Sample Item 0333,kg,Grocery,2026-06-01
KMB-P0334,Sample Item 0334,l,Beverages,2026-06-01
KMB-P0335,Sample Item 0335,each,Household,2026-06-01
KMB-P0336,Sample Item 0336,kg,Grocery,2026-06-01
KMB-P0337,Sample Item 0337,l,Beverages,2026-06-01
KMB-P0338,Sample Item 0338,each,Household,2026-06-01
KMB-P0339,Sample Item 0339,kg,Grocery,2026-06-01
KMB-P0340,Sample Item 0340,l,Beverages,2026-06-01
KMB-P0341,Sample Item 0341,each,Household,2026-06-01
KMB-P0342,Sample Item 0342,kg,Grocery,2026-06-01
KMB-P0343,Sample Item 0343,l,Beverages,2026-06-01
KMB-P0344,Sample Item 0344,each,Household,2026-06-01
KMB-P0345,Sample Item 0345,kg,Grocery,2026-06-01
KMB-P0346,Sample Item 0346,l,Beverages,2026-06-01
KMB-P0347,Sample Item 0347,each,Household,2026-06-01
KMB-P0348,Sample Item 0348,kg,Grocery,2026-06-01
KMB-P0349,Sample Item 0349,l,Beverages,2026-06-01
KMB-P0350,Sample Item 0350,each,Household,2026-06-01
KMB-P0351,Sample Item 0351,kg,Grocery,2026-06-01
KMB-P0352,Sample Item 0352,l,Beverages,2026-06-01
KMB-P0353,Sample Item 0353,each,Household,2026-06-01
KMB-P0354,Sample Item 0354,kg,Grocery,2026-06-01
KMB-P0355,Sample Item 0355,l,Beverages,2026-06-01
KMB-P0356,Sample Item 0356,each,Household,2026-06-01
KMB-P0357,Sample Item 0357,kg,Grocery,2026-06-01
KMB-P0358,Sample Item 0358,l,Beverages,2026-06-01
KMB-P0359,Sample Item 0359,each,Household,2026-06-01
KMB-P0360,Sample Item 0360,kg,Grocery,2026-06-01
KMB-P0361,Sample Item 0361,l,Beverages,2026-06-01
KMB-P0362,Sample Item 0362,each,Household,2026-06-01
KMB-P0363,Sample Item 0363,kg,Grocery,2026-06-01
KMB-P0364,Sample Item 0364,l,Beverages,2026-06-01
KMB-P0365,Sample Item 0365,each,Household,2026-06-01
KMB-P0366,Sample Item 0366,kg,Grocery,2026-06-01
KMB-P0367,Sample Item 0367,l,Beverages,2026-06-01
KMB-P0368,Sample Item 0368,each,Household,2026-06-01
KMB-P0369,Sample Item 0369,kg,Grocery,2026-06-01
KMB-P0370,Sample Item 0370,l,Beverages,2026-06-01
KMB-P0371,Sample Item 0371,each,Household,2026-06-01
KMB-P0372,Sample Item 0372,kg,Grocery,2026-06-01
KMB-P0373,Sample Item 0373,l,Beverages,2026-06-01
KMB-P0374,Sample Item 0374,each,Household,2026-06-01
KMB-P0375,Sample Item 0375,kg,Grocery,2026-06-01
KMB-P0376,Sample Item 0376,l,Beverages,2026-06-01
KMB-P0377,Sample Item 0377,each,Household,2026-06-01
KMB-P0378,Sample Item 0378,kg,Grocery,2026-06-01
KMB-P0379,Sample Item 0379,l,Beverages,2026-06-01
KMB-P0380,Sample Item 0380,each,Household,2026-06-01
KMB-P0381,Sample Item 0381,kg,Grocery,2026-06-01
KMB-P0382,Sample Item 0382,l,Beverages,2026-06-01
KMB-P0383,Sample Item 0383,each,Household,2026-06-01
KMB-P0384,Sample Item 0384,kg,Grocery,2026-06-01
KMB-P0385,Sample Item 0385,l,Beverages,2026-06-01
KMB-P0386,Sample Item 0386,each,Household,2026-06-01
KMB-P0387,Sample Item 0387,kg,Grocery,2026-06-01
KMB-P0388,Sample Item 0388,l,Beverages,2026-06-01
KMB-P0389,Sample Item 0389,each,Household,2026-06-01
KMB-P0390,Sample Item 0390,kg,Grocery,2026-06-01
KMB-P0391,Sample Item 0391,l,Beverages,2026-06-01
KMB-P0392,Sample Item 0392,each,Household,2026-06-01
KMB-P0393,Sample Item 0393,kg,Grocery,2026-06-01
KMB-P0394,Sample Item 0394,l,Beverages,2026-06-01
KMB-P0395,Sample Item 0395,each,Household,2026-06-01
KMB-P0396,Sample Item 0396,kg,Grocery,2026-06-01
KMB-P0397,Sample Item 0397,l,Beverages,2026-06-01
KMB-P0398,Sample Item 0398,each,Household,2026-06-01
KMB-P0399,Sample Item 0399,kg,Grocery,2026-06-01
KMB-P0400,Sample Item 0400,l,Beverages,2026-06-01
KMB-P0401,Sample Item 0401,each,Household,2026-06-01
KMB-P0402,Sample Item 0402,kg,Grocery,2026-06-01
KMB-P0403,Sample Item 0403,l,Beverages,2026-06-01
KMB-P0404,Sample Item 0404,each,Household,2026-06-01
KMB-P0405,Sample Item 0405,kg,Grocery,2026-06-01
KMB-P0406,Sample Item 0406,l,Beverages,2026-06-01
KMB-P0407,Sample Item 0407,each,Household,2026-06-01
KMB-P0408,Sample Item 0408,kg,Grocery,2026-06-01
KMB-P0409,Sample Item 0409,l,Beverages,2026-06-01
KMB-P0410,Sample Item 0410,each,Household,2026-06-01
KMB-P0411,Sample Item 0411,kg,Grocery,2026-06-01
KMB-P0412,Sample Item 0412,l,Beverages,2026-06-01
KMB-P0413,Sample Item 0413,each,Household,2026-06-01
KMB-P0414,Sample Item 0414,kg,Grocery,2026-06-01
KMB-P0415,Sample Item 0415,l,Beverages,2026-06-01
KMB-P0416,Sample Item 0416,each,Household,2026-06-01
KMB-P0417,Sample Item 0417,kg,Grocery,2026-06-01
KMB-P0418,Sample Item 0418,l,Beverages,2026-06-01
KMB-P0419,Sample Item 0419,each,Household,2026-06-01
KMB-P0420,Sample Item 0420,kg,Grocery,2026-06-01
KMB-P0421,Sample Item 0421,l,Beverages,2026-06-01
KMB-P0422,Sample Item 0422,each,Household,2026-06-01
KMB-P0423,Sample Item 0423,kg,Grocery,2026-06-01
KMB-P0424,Sample Item 0424,l,Beverages,2026-06-01
KMB-P0425,Sample Item 0425,each,Household,2026-06-01
KMB-P0426,Sample Item 0426,kg,Grocery,2026-06-01
KMB-P0427,Sample Item 0427,l,Beverages,2026-06-01
KMB-P0428,Sample Item 0428,each,Household,2026-06-01
KMB-P0429,Sample Item 0429,kg,Grocery,2026-06-01
KMB-P0430,Sample Item 0430,l,Beverages,2026-06-01
KMB-P0431,Sample Item 0431,each,Household,2026-06-01
KMB-P0432,Sample Item 0432,kg,Grocery,2026-06-01
KMB-P0433,Sample Item 0433,l,Beverages,2026-06-01
KMB-P0434,Sample Item 0434,each,Household,2026-06-01
KMB-P0435,Sample Item 0435,kg,Grocery,2026-06-01
KMB-P0436,Sample Item 0436,l,Beverages,2026-06-01
KMB-P0437,Sample Item 0437,each,Household,2026-06-01
KMB-P0438,Sample Item 0438,kg,Grocery,2026-06-01
KMB-P0439,Sample Item 0439,l,Beverages,2026-06-01
KMB-P0440,Sample Item 0440,each,Household,2026-06-01
KMB-P0441,Sample Item 0441,kg,Grocery,2026-06-01
KMB-P0442,Sample Item 0442,l,Beverages,2026-06-01
KMB-P0443,Sample Item 0443,each,Household,2026-06-01
KMB-P0444,Sample Item 0444,kg,Grocery,2026-06-01
KMB-P0445,Sample Item 0445,l,Beverages,2026-06-01
KMB-P0446,Sample Item 0446,each,Household,2026-06-01
KMB-P0447,Sample Item 0447,kg,Grocery,2026-06-01
KMB-P0448,Sample Item 0448,l,Beverages,2026-06-01
KMB-P0449,Sample Item 0449,each,Household,2026-06-01
KMB-P0450,Sample Item 0450,kg,Grocery,2026-06-01
KMB-P0451,Sample Item 0451,l,Beverages,2026-06-01
KMB-P0452,Sample Item 0452,each,Household,2026-06-01
KMB-P0453,Sample Item 0453,kg,Grocery,2026-06-01
KMB-P0454,Sample Item 0454,l,Beverages,2026-06-01
KMB-P0455,Sample Item 0455,each,Household,2026-06-01
KMB-P0456,Sample Item 0456,kg,Grocery,2026-06-01
KMB-P0457,Sample Item 0457,l,Beverages,2026-06-01
KMB-P0458,Sample Item 0458,each,Household,2026-06-01
KMB-P0459,Sample Item 0459,kg,Grocery,2026-06-01
KMB-P0460,Sample Item 0460,l,Beverages,2026-06-01
KMB-P0461,Sample Item 0461,each,Household,2026-06-01
KMB-P0462,Sample Item 0462,kg,Grocery,2026-06-01
KMB-P0463,Sample Item 0463,l,Beverages,2026-06-01
KMB-P0464,Sample Item 0464,each,Household,2026-06-01
KMB-P0465,Sample Item 0465,kg,Grocery,2026-06-01
KMB-P0466,Sample Item 0466,l,Beverages,2026-06-01
KMB-P0467,Sample Item 0467,each,Household,2026-06-01
KMB-P0468,Sample Item 0468,kg,Grocery,2026-06-01
KMB-P0469,Sample Item 0469,l,Beverages,2026-06-01
KMB-P0470,Sample Item 0470,each,Household,2026-06-01
KMB-P0471,Sample Item 0471,kg,Grocery,2026-06-01
KMB-P0472,Sample Item 0472,l,Beverages,2026-06-01
KMB-P0473,Sample Item 0473,each,Household,2026-06-01
KMB-P0474,Sample Item 0474,kg,Grocery,2026-06-01
KMB-P0475,Sample Item 0475,l,Beverages,2026-06-01
KMB-P0476,Sample Item 0476,each,Household,2026-06-01
KMB-P0477,Sample Item 0477,kg,Grocery,2026-06-01
KMB-P0478,Sample Item 0478,l,Beverages,2026-06-01
KMB-P0479,Sample Item 0479,each,Household,2026-06-01
KMB-P0480,Sample Item 0480,kg,Grocery,2026-06-01
KMB-P0481,Sample Item 0481,l,Beverages,2026-06-01
KMB-P0482,Sample Item 0482,each,Household,2026-06-01
KMB-P0483,Sample Item 0483,kg,Grocery,2026-06-01
KMB-P0484,Sample Item 0484,l,Beverages,2026-06-01
KMB-P0485,Sample Item 0485,each,Household,2026-06-01
KMB-P0486,Sample Item 0486,kg,Grocery,2026-06-01
KMB-P0487,Sample Item 0487,l,Beverages,2026-06-01
KMB-P0488,Sample Item 0488,each,Household,2026-06-01
KMB-P0489,Sample Item 0489,kg,Grocery,2026-06-01
KMB-P0490,Sample Item 0490,l,Beverages,2026-06-01
KMB-P0491,Sample Item 0491,each,Household,2026-06-01
KMB-P0492,Sample Item 0492,kg,Grocery,2026-06-01
KMB-P0493,Sample Item 0493,l,Beverages,2026-06-01
KMB-P0494,Sample Item 0494,each,Household,2026-06-01
KMB-P0495,Sample Item 0495,kg,Grocery,2026-06-01
KMB-P0496,Sample Item 0496,l,Beverages,2026-06-01
KMB-P0497,Sample Item 0497,each,Household,2026-06-01
KMB-P0498,Sample Item 0498,kg,Grocery,2026-06-01
KMB-P0499,Sample Item 0499,l,Beverages,2026-06-01
KMB-P0500,Sample Item 0500,each,Household,2026-06-01
KMB-P0501,Sample Item 0501,kg,Grocery,2026-06-01
KMB-P0502,Sample Item 0502,l,Beverages,2026-06-01
KMB-P0503,Sample Item 0503,each,Household,2026-06-01
KMB-P0504,Sample Item 0504,kg,Grocery,2026-06-01
KMB-P0505,Sample Item 0505,l,Beverages,2026-06-01
KMB-P0506,Sample Item 0506,each,Household,2026-06-01
KMB-P0507,Sample Item 0507,kg,Grocery,2026-06-01
KMB-P0508,Sample Item 0508,l,Beverages,2026-06-01
KMB-P0509,Sample Item 0509,each,Household,2026-06-01
KMB-P0510,Sample Item 0510,kg,Grocery,2026-06-01
KMB-P0511,Sample Item 0511,l,Beverages,2026-06-01
KMB-P0512,Sample Item 0512,each,Household,2026-06-01
KMB-P0513,Sample Item 0513,kg,Grocery,2026-06-01
KMB-P0514,Sample Item 0514,l,Beverages,2026-06-01
KMB-P0515,Sample Item 0515,each,Household,2026-06-01
KMB-P0516,Sample Item 0516,kg,Grocery,2026-06-01
KMB-P0517,Sample Item 0517,l,Beverages,2026-06-01
KMB-P0518,Sample Item 0518,each,Household,2026-06-01
KMB-P0519,Sample Item 0519,kg,Grocery,2026-06-01
KMB-P0520,Sample Item 0520,l,Beverages,2026-06-01
KMB-P0521,Sample Item 0521,each,Household,2026-06-01
KMB-P0522,Sample Item 0522,kg,Grocery,2026-06-01
KMB-P0523,Sample Item 0523,l,Beverages,2026-06-01
KMB-P0524,Sample Item 0524,each,Household,2026-06-01
KMB-P0525,Sample Item 0525,kg,Grocery,2026-06-01
KMB-P0526,Sample Item 0526,l,Beverages,2026-06-01
KMB-P0527,Sample Item 0527,each,Household,2026-06-01
KMB-P0528,Sample Item 0528,kg,Grocery,2026-06-01
KMB-P0529,Sample Item 0529,l,Beverages,2026-06-01
KMB-P0530,Sample Item 0530,each,Household,2026-06-01
KMB-P0531,Sample Item 0531,kg,Grocery,2026-06-01
KMB-P0532,Sample Item 0532,l,Beverages,2026-06-01
KMB-P0533,Sample Item 0533,each,Household,2026-06-01
KMB-P0534,Sample Item 0534,kg,Grocery,2026-06-01
KMB-P0535,Sample Item 0535,l,Beverages,2026-06-01
KMB-P0536,Sample Item 0536,each,Household,2026-06-01
KMB-P0537,Sample Item 0537,kg,Grocery,2026-06-01
KMB-P0538,Sample Item 0538,l,Beverages,2026-06-01
KMB-P0539,Sample Item 0539,each,Household,2026-06-01
KMB-P0540,Sample Item 0540,kg,Grocery,2026-06-01
KMB-P0541,Sample Item 0541,l,Beverages,2026-06-01
KMB-P0542,Sample Item 0542,each,Household,2026-06-01
KMB-P0543,Sample Item 0543,kg,Grocery,2026-06-01
KMB-P0544,Sample Item 0544,l,Beverages,2026-06-01
KMB-P0545,Sample Item 0545,each,Household,2026-06-01
KMB-P0546,Sample Item 0546,kg,Grocery,2026-06-01
KMB-P0547,Sample Item 0547,l,Beverages,2026-06-01
KMB-P0548,Sample Item 0548,each,Household,2026-06-01
KMB-P0549,Sample Item 0549,kg,Grocery,2026-06-01
KMB-P0550,Sample Item 0550,l,Beverages,2026-06-01
KMB-P0551,Sample Item 0551,each,Household,2026-06-01
KMB-P0552,Sample Item 0552,kg,Grocery,2026-06-01
KMB-P0553,Sample Item 0553,l,Beverages,2026-06-01
KMB-P0554,Sample Item 0554,each,Household,2026-06-01
KMB-P0555,Sample Item 0555,kg,Grocery,2026-06-01
KMB-P0556,Sample Item 0556,l,Beverages,2026-06-01
KMB-P0557,Sample Item 0557,each,Household,2026-06-01
KMB-P0558,Sample Item 0558,kg,Grocery,2026-06-01
KMB-P0559,Sample Item 0559,l,Beverages,2026-06-01
KMB-P0560,Sample Item 0560,each,Household,2026-06-01
KMB-P0561,Sample Item 0561,kg,Grocery,2026-06-01
KMB-P0562,Sample Item 0562,l,Beverages,2026-06-01
KMB-P0563,Sample Item 0563,each,Household,2026-06-01
KMB-P0564,Sample Item 0564,kg,Grocery,2026-06-01
KMB-P0565,Sample Item 0565,l,Beverages,2026-06-01
KMB-P0566,Sample Item 0566,each,Household,2026-06-01
KMB-P0567,Sample Item 0567,kg,Grocery,2026-06-01
KMB-P0568,Sample Item 0568,l,Beverages,2026-06-01
KMB-P0569,Sample Item 0569,each,Household,2026-06-01
KMB-P0570,Sample Item 0570,kg,Grocery,2026-06-01
KMB-P0571,Sample Item 0571,l,Beverages,2026-06-01
KMB-P0572,Sample Item 0572,each,Household,2026-06-01
KMB-P0573,Sample Item 0573,kg,Grocery,2026-06-01
KMB-P0574,Sample Item 0574,l,Beverages,2026-06-01
KMB-P0575,Sample Item 0575,each,Household,2026-06-01
KMB-P0576,Sample Item 0576,kg,Grocery,2026-06-01
KMB-P0577,Sample Item 0577,l,Beverages,2026-06-01
KMB-P0578,Sample Item 0578,each,Household,2026-06-01
KMB-P0579,Sample Item 0579,kg,Grocery,2026-06-01
KMB-P0580,Sample Item 0580,l,Beverages,2026-06-01
KMB-P0581,Sample Item 0581,each,Household,2026-06-01
KMB-P0582,Sample Item 0582,kg,Grocery,2026-06-01
KMB-P0583,Sample Item 0583,l,Beverages,2026-06-01
KMB-P0584,Sample Item 0584,each,Household,2026-06-01
KMB-P0585,Sample Item 0585,kg,Grocery,2026-06-01
KMB-P0586,Sample Item 0586,l,Beverages,2026-06-01
KMB-P0587,Sample Item 0587,each,Household,2026-06-01
KMB-P0588,Sample Item 0588,kg,Grocery,2026-06-01
KMB-P0589,Sample Item 0589,l,Beverages,2026-06-01
KMB-P0590,Sample Item 0590,each,Household,2026-06-01
KMB-P0591,Sample Item 0591,kg,Grocery,2026-06-01
KMB-P0592,Sample Item 0592,l,Beverages,2026-06-01
KMB-P0593,Sample Item 0593,each,Household,2026-06-01
KMB-P0594,Sample Item 0594,kg,Grocery,2026-06-01
KMB-P0595,Sample Item 0595,l,Beverages,2026-06-01
KMB-P0596,Sample Item 0596,each,Household,2026-06-01
KMB-P0597,Sample Item 0597,kg,Grocery,2026-06-01
KMB-P0598,Sample Item 0598,l,Beverages,2026-06-01
KMB-P0599,Sample Item 0599,each,Household,2026-06-01
KMB-P0600,Sample Item 0600,kg,Grocery,2026-06-01
KMB-P0601,Sample Item 0601,l,Beverages,2026-06-01
KMB-P0602,Sample Item 0602,each,Household,2026-06-01
KMB-P0603,Sample Item 0603,kg,Grocery,2026-06-01
KMB-P0604,Sample Item 0604,l,Beverages,2026-06-01
KMB-P0605,Sample Item 0605,each,Household,2026-06-01
KMB-P0606,Sample Item 0606,kg,Grocery,2026-06-01
KMB-P0607,Sample Item 0607,l,Beverages,2026-06-01
KMB-P0608,Sample Item 0608,each,Household,2026-06-01
KMB-P0609,Sample Item 0609,kg,Grocery,2026-06-01
KMB-P0610,Sample Item 0610,l,Beverages,2026-06-01
KMB-P0611,Sample Item 0611,each,Household,2026-06-01
KMB-P0612,Sample Item 0612,kg,Grocery,2026-06-01
KMB-P0613,Sample Item 0613,l,Beverages,2026-06-01
KMB-P0614,Sample Item 0614,each,Household,2026-06-01
KMB-P0615,Sample Item 0615,kg,Grocery,2026-06-01
KMB-P0616,Sample Item 0616,l,Beverages,2026-06-01
KMB-P0617,Sample Item 0617,each,Household,2026-06-01
KMB-P0618,Sample Item 0618,kg,Grocery,2026-06-01
KMB-P0619,Sample Item 0619,l,Beverages,2026-06-01
KMB-P0620,Sample Item 0620,each,Household,2026-06-01
KMB-P0621,Sample Item 0621,kg,Grocery,2026-06-01
KMB-P0622,Sample Item 0622,l,Beverages,2026-06-01
KMB-P0623,Sample Item 0623,each,Household,2026-06-01
KMB-P0624,Sample Item 0624,kg,Grocery,2026-06-01
KMB-P0625,Sample Item 0625,l,Beverages,2026-06-01
KMB-P0626,Sample Item 0626,each,Household,2026-06-01
KMB-P0627,Sample Item 0627,kg,Grocery,2026-06-01
KMB-P0628,Sample Item 0628,l,Beverages,2026-06-01
KMB-P0629,Sample Item 0629,each,Household,2026-06-01
KMB-P0630,Sample Item 0630,kg,Grocery,2026-06-01
KMB-P0631,Sample Item 0631,l,Beverages,2026-06-01
KMB-P0632,Sample Item 0632,each,Household,2026-06-01
KMB-P0633,Sample Item 0633,kg,Grocery,2026-06-01
KMB-P0634,Sample Item 0634,l,Beverages,2026-06-01
KMB-P0635,Sample Item 0635,each,Household,2026-06-01
KMB-P0636,Sample Item 0636,kg,Grocery,2026-06-01
KMB-P0637,Sample Item 0637,l,Beverages,2026-06-01
KMB-P0638,Sample Item 0638,each,Household,2026-06-01
KMB-P0639,Sample Item 0639,kg,Grocery,2026-06-01
KMB-P0640,Sample Item 0640,l,Beverages,2026-06-01
KMB-P0641,Sample Item 0641,each,Household,2026-06-01
KMB-P0642,Sample Item 0642,kg,Grocery,2026-06-01
KMB-P0643,Sample Item 0643,l,Beverages,2026-06-01
KMB-P0644,Sample Item 0644,each,Household,2026-06-01
KMB-P0645,Sample Item 0645,kg,Grocery,2026-06-01
KMB-P0646,Sample Item 0646,l,Beverages,2026-06-01
KMB-P0647,Sample Item 0647,each,Household,2026-06-01
KMB-P0648,Sample Item 0648,kg,Grocery,2026-06-01
KMB-P0649,Sample Item 0649,l,Beverages,2026-06-01
KMB-P0650,Sample Item 0650,each,Household,2026-06-01
KMB-P0651,Sample Item 0651,kg,Grocery,2026-06-01
KMB-P0652,Sample Item 0652,l,Beverages,2026-06-01
KMB-P0653,Sample Item 0653,each,Household,2026-06-01
KMB-P0654,Sample Item 0654,kg,Grocery,2026-06-01
KMB-P0655,Sample Item 0655,l,Beverages,2026-06-01
KMB-P0656,Sample Item 0656,each,Household,2026-06-01
KMB-P0657,Sample Item 0657,kg,Grocery,2026-06-01
KMB-P0658,Sample Item 0658,l,Beverages,2026-06-01
KMB-P0659,Sample Item 0659,each,Household,2026-06-01
KMB-P0660,Sample Item 0660,kg,Grocery,2026-06-01
KMB-P0661,Sample Item 0661,l,Beverages,2026-06-01
KMB-P0662,Sample Item 0662,each,Household,2026-06-01
KMB-P0663,Sample Item 0663,kg,Grocery,2026-06-01
KMB-P0664,Sample Item 0664,l,Beverages,2026-06-01
KMB-P0665,Sample Item 0665,each,Household,2026-06-01
KMB-P0666,Sample Item 0666,kg,Grocery,2026-06-01
KMB-P0667,Sample Item 0667,l,Beverages,2026-06-01
KMB-P0668,Sample Item 0668,each,Household,2026-06-01
KMB-P0669,Sample Item 0669,kg,Grocery,2026-06-01
KMB-P0670,Sample Item 0670,l,Beverages,2026-06-01
KMB-P0671,Sample Item 0671,each,Household,2026-06-01
KMB-P0672,Sample Item 0672,kg,Grocery,2026-06-01
KMB-P0673,Sample Item 0673,l,Beverages,2026-06-01
KMB-P0674,Sample Item 0674,each,Household,2026-06-01
KMB-P0675,Sample Item 0675,kg,Grocery,2026-06-01
KMB-P0676,Sample Item 0676,l,Beverages,2026-06-01
KMB-P0677,Sample Item 0677,each,Household,2026-06-01
KMB-P0678,Sample Item 0678,kg,Grocery,2026-06-01
KMB-P0679,Sample Item 0679,l,Beverages,2026-06-01
KMB-P0680,Sample Item 0680,each,Household,2026-06-01
KMB-P0681,Sample Item 0681,kg,Grocery,2026-06-01
KMB-P0682,Sample Item 0682,l,Beverages,2026-06-01
KMB-P0683,Sample Item 0683,each,Household,2026-06-01
KMB-P0684,Sample Item 0684,kg,Grocery,2026-06-01
KMB-P0685,Sample Item 0685,l,Beverages,2026-06-01
KMB-P0686,Sample Item 0686,each,Household,2026-06-01
KMB-P0687,Sample Item 0687,kg,Grocery,2026-06-01
KMB-P0688,Sample Item 0688,l,Beverages,2026-06-01
KMB-P0689,Sample Item 0689,each,Household,2026-06-01
KMB-P0690,Sample Item 0690,kg,Grocery,2026-06-01
KMB-P0691,Sample Item 0691,l,Beverages,2026-06-01
KMB-P0692,Sample Item 0692,each,Household,2026-06-01
KMB-P0693,Sample Item 0693,kg,Grocery,2026-06-01
KMB-P0694,Sample Item 0694,l,Beverages,2026-06-01
KMB-P0695,Sample Item 0695,each,Household,2026-06-01
KMB-P0696,Sample Item 0696,kg,Grocery,2026-06-01
KMB-P0697,Sample Item 0697,l,Beverages,2026-06-01
KMB-P0698,Sample Item 0698,each,Household,2026-06-01
KMB-P0699,Sample Item 0699,kg,Grocery,2026-06-01
KMB-P0700,Sample Item 0700,l,Beverages,2026-06-01
KMB-P0701,Sample Item 0701,each,Household,2026-06-01
KMB-P0702,Sample Item 0702,kg,Grocery,2026-06-01
KMB-P0703,Sample Item 0703,l,Beverages,2026-06-01
KMB-P0704,Sample Item 0704,each,Household,2026-06-01
KMB-P0705,Sample Item 0705,kg,Grocery,2026-06-01
KMB-P0706,Sample Item 0706,l,Beverages,2026-06-01
KMB-P0707,Sample Item 0707,each,Household,2026-06-01
KMB-P0708,Sample Item 0708,kg,Grocery,2026-06-01
KMB-P0709,Sample Item 0709,l,Beverages,2026-06-01
KMB-P0710,Sample Item 0710,each,Household,2026-06-01
KMB-P0711,Sample Item 0711,kg,Grocery,2026-06-01
KMB-P0712,Sample Item 0712,l,Beverages,2026-06-01
KMB-P0713,Sample Item 0713,each,Household,2026-06-01
KMB-P0714,Sample Item 0714,kg,Grocery,2026-06-01
KMB-P0715,Sample Item 0715,l,Beverages,2026-06-01
KMB-P0716,Sample Item 0716,each,Household,2026-06-01
KMB-P0717,Sample Item 0717,kg,Grocery,2026-06-01
KMB-P0718,Sample Item 0718,l,Beverages,2026-06-01
KMB-P0719,Sample Item 0719,each,Household,2026-06-01
KMB-P0720,Sample Item 0720,kg,Grocery,2026-06-01
KMB-P0721,Sample Item 0721,l,Beverages,2026-06-01
KMB-P0722,Sample Item 0722,each,Household,2026-06-01
KMB-P0723,Sample Item 0723,kg,Grocery,2026-06-01
KMB-P0724,Sample Item 0724,l,Beverages,2026-06-01
KMB-P0725,Sample Item 0725,each,Household,2026-06-01
KMB-P0726,Sample Item 0726,kg,Grocery,2026-06-01
KMB-P0727,Sample Item 0727,l,Beverages,2026-06-01
KMB-P0728,Sample Item 0728,each,Household,2026-06-01
KMB-P0729,Sample Item 0729,kg,Grocery,2026-06-01
KMB-P0730,Sample Item 0730,l,Beverages,2026-06-01
KMB-P0731,Sample Item 0731,each,Household,2026-06-01
KMB-P0732,Sample Item 0732,kg,Grocery,2026-06-01
KMB-P0733,Sample Item 0733,l,Beverages,2026-06-01
KMB-P0734,Sample Item 0734,each,Household,2026-06-01
KMB-P0735,Sample Item 0735,kg,Grocery,2026-06-01
KMB-P0736,Sample Item 0736,l,Beverages,2026-06-01
KMB-P0737,Sample Item 0737,each,Household,2026-06-01
KMB-P0738,Sample Item 0738,kg,Grocery,2026-06-01
KMB-P0739,Sample Item 0739,l,Beverages,2026-06-01
KMB-P0740,Sample Item 0740,each,Household,2026-06-01
KMB-P0741,Sample Item 0741,kg,Grocery,2026-06-01
KMB-P0742,Sample Item 0742,l,Beverages,2026-06-01
KMB-P0743,Sample Item 0743,each,Household,2026-06-01
KMB-P0744,Sample Item 0744,kg,Grocery,2026-06-01
KMB-P0745,Sample Item 0745,l,Beverages,2026-06-01
KMB-P0746,Sample Item 0746,each,Household,2026-06-01
KMB-P0747,Sample Item 0747,kg,Grocery,2026-06-01
KMB-P0748,Sample Item 0748,l,Beverages,2026-06-01
KMB-P0749,Sample Item 0749,each,Household,2026-06-01
KMB-P0750,Sample Item 0750,kg,Grocery,2026-06-01
KMB-P0751,Sample Item 0751,l,Beverages,2026-06-01
KMB-P0752,Sample Item 0752,each,Household,2026-06-01
KMB-P0753,Sample Item 0753,kg,Grocery,2026-06-01
KMB-P0754,Sample Item 0754,l,Beverages,2026-06-01
KMB-P0755,Sample Item 0755,each,Household,2026-06-01
KMB-P0756,Sample Item 0756,kg,Grocery,2026-06-01
KMB-P0757,Sample Item 0757,l,Beverages,2026-06-01
KMB-P0758,Sample Item 0758,each,Household,2026-06-01
KMB-P0759,Sample Item 0759,kg,Grocery,2026-06-01
KMB-P0760,Sample Item 0760,l,Beverages,2026-06-01
KMB-P0761,Sample Item 0761,each,Household,2026-06-01
KMB-P0762,Sample Item 0762,kg,Grocery,2026-06-01
KMB-P0763,Sample Item 0763,l,Beverages,2026-06-01
KMB-P0764,Sample Item 0764,each,Household,2026-06-01
KMB-P0765,Sample Item 0765,kg,Grocery,2026-06-01
KMB-P0766,Sample Item 0766,l,Beverages,2026-06-01
KMB-P0767,Sample Item 0767,each,Household,2026-06-01
KMB-P0768,Sample Item 0768,kg,Grocery,2026-06-01
KMB-P0769,Sample Item 0769,l,Beverages,2026-06-01
KMB-P0770,Sample Item 0770,each,Household,2026-06-01
KMB-P0771,Sample Item 0771,kg,Grocery,2026-06-01
KMB-P0772,Sample Item 0772,l,Beverages,2026-06-01
KMB-P0773,Sample Item 0773,each,Household,2026-06-01
KMB-P0774,Sample Item 0774,kg,Grocery,2026-06-01
KMB-P0775,Sample Item 0775,l,Beverages,2026-06-01
KMB-P0776,Sample Item 0776,each,Household,2026-06-01
KMB-P0777,Sample Item 0777,kg,Grocery,2026-06-01
KMB-P0778,Sample Item 0778,l,Beverages,2026-06-01
KMB-P0779,Sample Item 0779,each,Household,2026-06-01
KMB-P0780,Sample Item 0780,kg,Grocery,2026-06-01
KMB-P0781,Sample Item 0781,l,Beverages,2026-06-01
KMB-P0782,Sample Item 0782,each,Household,2026-06-01
KMB-P0783,Sample Item 0783,kg,Grocery,2026-06-01
KMB-P0784,Sample Item 0784,l,Beverages,2026-06-01
KMB-P0785,Sample Item 0785,each,Household,2026-06-01
KMB-P0786,Sample Item 0786,kg,Grocery,2026-06-01
KMB-P0787,Sample Item 0787,l,Beverages,2026-06-01
KMB-P0788,Sample Item 0788,each,Household,2026-06-01
KMB-P0789,Sample Item 0789,kg,Grocery,2026-06-01
KMB-P0790,Sample Item 0790,l,Beverages,2026-06-01
KMB-P0791,Sample Item 0791,each,Household,2026-06-01
KMB-P0792,Sample Item 0792,kg,Grocery,2026-06-01
KMB-P0793,Sample Item 0793,l,Beverages,2026-06-01
KMB-P0794,Sample Item 0794,each,Household,2026-06-01
KMB-P0795,Sample Item 0795,kg,Grocery,2026-06-01
KMB-P0796,Sample Item 0796,l,Beverages,2026-06-01
KMB-P0797,Sample Item 0797,each,Household,2026-06-01
KMB-P0798,Sample Item 0798,kg,Grocery,2026-06-01
KMB-P0799,Sample Item 0799,l,Beverages,2026-06-01
KMB-P0800,Sample Item 0800,each,Household,2026-06-01
KMB-P0801,Sample Item 0801,kg,Grocery,2026-06-01
KMB-P0802,Sample Item 0802,l,Beverages,2026-06-01
KMB-P0803,Sample Item 0803,each,Household,2026-06-01
KMB-P0804,Sample Item 0804,kg,Grocery,2026-06-01
KMB-P0805,Sample Item 0805,l,Beverages,2026-06-01
KMB-P0806,Sample Item 0806,each,Household,2026-06-01
KMB-P0807,Sample Item 0807,kg,Grocery,2026-06-01
KMB-P0808,Sample Item 0808,l,Beverages,2026-06-01
KMB-P0809,Sample Item 0809,each,Household,2026-06-01
KMB-P0810,Sample Item 0810,kg,Grocery,2026-06-01
KMB-P0811,Sample Item 0811,l,Beverages,2026-06-01
KMB-P0812,Sample Item 0812,each,Household,2026-06-01
KMB-P0813,Sample Item 0813,kg,Grocery,2026-06-01
KMB-P0814,Sample Item 0814,l,Beverages,2026-06-01
KMB-P0815,Sample Item 0815,each,Household,2026-06-01
KMB-P0816,Sample Item 0816,kg,Grocery,2026-06-01
KMB-P0817,Sample Item 0817,l,Beverages,2026-06-01
KMB-P0818,Sample Item 0818,each,Household,2026-06-01
KMB-P0819,Sample Item 0819,kg,Grocery,2026-06-01
KMB-P0820,Sample Item 0820,l,Beverages,2026-06-01
KMB-P0821,Sample Item 0821,each,Household,2026-06-01
KMB-P0822,Sample Item 0822,kg,Grocery,2026-06-01
KMB-P0823,Sample Item 0823,l,Beverages,2026-06-01
KMB-P0824,Sample Item 0824,each,Household,2026-06-01
KMB-P0825,Sample Item 0825,kg,Grocery,2026-06-01
KMB-P0826,Sample Item 0826,l,Beverages,2026-06-01
KMB-P0827,Sample Item 0827,each,Household,2026-06-01
KMB-P0828,Sample Item 0828,kg,Grocery,2026-06-01
KMB-P0829,Sample Item 0829,l,Beverages,2026-06-01
KMB-P0830,Sample Item 0830,each,Household,2026-06-01
KMB-P0831,Sample Item 0831,kg,Grocery,2026-06-01
KMB-P0832,Sample Item 0832,l,Beverages,2026-06-01
KMB-P0833,Sample Item 0833,each,Household,2026-06-01
KMB-P0834,Sample Item 0834,kg,Grocery,2026-06-01
KMB-P0835,Sample Item 0835,l,Beverages,2026-06-01
KMB-P0836,Sample Item 0836,each,Household,2026-06-01
KMB-P0837,Sample Item 0837,kg,Grocery,2026-06-01
KMB-P0838,Sample Item 0838,l,Beverages,2026-06-01
KMB-P0839,Sample Item 0839,each,Household,2026-06-01
KMB-P0840,Sample Item 0840,kg,Grocery,2026-06-01
KMB-P0841,Sample Item 0841,l,Beverages,2026-06-01
KMB-P0842,Sample Item 0842,each,Household,2026-06-01
KMB-P0843,Sample Item 0843,kg,Grocery,2026-06-01
KMB-P0844,Sample Item 0844,l,Beverages,2026-06-01
KMB-P0845,Sample Item 0845,each,Household,2026-06-01
KMB-P0846,Sample Item 0846,kg,Grocery,2026-06-01
KMB-P0847,Sample Item 0847,l,Beverages,2026-06-01
KMB-P0848,Sample Item 0848,each,Household,2026-06-01
KMB-P0849,Sample Item 0849,kg,Grocery,2026-06-01
KMB-P0850,Sample Item 0850,l,Beverages,2026-06-01
KMB-P0851,Sample Item 0851,each,Household,2026-06-01
KMB-P0852,Sample Item 0852,kg,Grocery,2026-06-01
KMB-P0853,Sample Item 0853,l,Beverages,2026-06-01
KMB-P0854,Sample Item 0854,each,Household,2026-06-01
KMB-P0855,Sample Item 0855,kg,Grocery,2026-06-01
KMB-P0856,Sample Item 0856,l,Beverages,2026-06-01
KMB-P0857,Sample Item 0857,each,Household,2026-06-01
KMB-P0858,Sample Item 0858,kg,Grocery,2026-06-01
KMB-P0859,Sample Item 0859,l,Beverages,2026-06-01
KMB-P0860,Sample Item 0860,each,Household,2026-06-01
KMB-P0861,Sample Item 0861,kg,Grocery,2026-06-01
KMB-P0862,Sample Item 0862,l,Beverages,2026-06-01
KMB-P0863,Sample Item 0863,each,Household,2026-06-01
KMB-P0864,Sample Item 0864,kg,Grocery,2026-06-01
KMB-P0865,Sample Item 0865,l,Beverages,2026-06-01
KMB-P0866,Sample Item 0866,each,Household,2026-06-01
KMB-P0867,Sample Item 0867,kg,Grocery,2026-06-01
KMB-P0868,Sample Item 0868,l,Beverages,2026-06-01
KMB-P0869,Sample Item 0869,each,Household,2026-06-01
KMB-P0870,Sample Item 0870,kg,Grocery,2026-06-01
KMB-P0871,Sample Item 0871,l,Beverages,2026-06-01
KMB-P0872,Sample Item 0872,each,Household,2026-06-01
KMB-P0873,Sample Item 0873,kg,Grocery,2026-06-01
KMB-P0874,Sample Item 0874,l,Beverages,2026-06-01
KMB-P0875,Sample Item 0875,each,Household,2026-06-01
KMB-P0876,Sample Item 0876,kg,Grocery,2026-06-01
KMB-P0877,Sample Item 0877,l,Beverages,2026-06-01
KMB-P0878,Sample Item 0878,each,Household,2026-06-01
KMB-P0879,Sample Item 0879,kg,Grocery,2026-06-01
KMB-P0880,Sample Item 0880,l,Beverages,2026-06-01
KMB-P0881,Sample Item 0881,each,Household,2026-06-01
KMB-P0882,Sample Item 0882,kg,Grocery,2026-06-01
KMB-P0883,Sample Item 0883,l,Beverages,2026-06-01
KMB-P0884,Sample Item 0884,each,Household,2026-06-01
KMB-P0885,Sample Item 0885,kg,Grocery,2026-06-01
KMB-P0886,Sample Item 0886,l,Beverages,2026-06-01
KMB-P0887,Sample Item 0887,each,Household,2026-06-01
KMB-P0888,Sample Item 0888,kg,Grocery,2026-06-01
KMB-P0889,Sample Item 0889,l,Beverages,2026-06-01
KMB-P0890,Sample Item 0890,each,Household,2026-06-01
KMB-P0891,Sample Item 0891,kg,Grocery,2026-06-01
KMB-P0892,Sample Item 0892,l,Beverages,2026-06-01
KMB-P0893,Sample Item 0893,each,Household,2026-06-01
KMB-P0894,Sample Item 0894,kg,Grocery,2026-06-01
KMB-P0895,Sample Item 0895,l,Beverages,2026-06-01
KMB-P0896,Sample Item 0896,each,Household,2026-06-01
KMB-P0897,Sample Item 0897,kg,Grocery,2026-06-01
KMB-P0898,Sample Item 0898,l,Beverages,2026-06-01
KMB-P0899,Sample Item 0899,each,Household,2026-06-01
KMB-P0900,Sample Item 0900,kg,Grocery,2026-06-01
KMB-P0901,Sample Item 0901,l,Beverages,2026-06-01
KMB-P0902,Sample Item 0902,each,Household,2026-06-01
KMB-P0903,Sample Item 0903,kg,Grocery,2026-06-01
KMB-P0904,Sample Item 0904,l,Beverages,2026-06-01
KMB-P0905,Sample Item 0905,each,Household,2026-06-01
KMB-P0906,Sample Item 0906,kg,Grocery,2026-06-01
KMB-P0907,Sample Item 0907,l,Beverages,2026-06-01
KMB-P0908,Sample Item 0908,each,Household,2026-06-01
KMB-P0909,Sample Item 0909,kg,Grocery,2026-06-01
KMB-P0910,Sample Item 0910,l,Beverages,2026-06-01
KMB-P0911,Sample Item 0911,each,Household,2026-06-01
KMB-P0912,Sample Item 0912,kg,Grocery,2026-06-01
KMB-P0913,Sample Item 0913,l,Beverages,2026-06-01
KMB-P0914,Sample Item 0914,each,Household,2026-06-01
KMB-P0915,Sample Item 0915,kg,Grocery,2026-06-01
KMB-P0916,Sample Item 0916,l,Beverages,2026-06-01
KMB-P0917,Sample Item 0917,each,Household,2026-06-01
KMB-P0918,Sample Item 0918,kg,Grocery,2026-06-01
KMB-P0919,Sample Item 0919,l,Beverages,2026-06-01
KMB-P0920,Sample Item 0920,each,Household,2026-06-01
KMB-P0921,Sample Item 0921,kg,Grocery,2026-06-01
KMB-P0922,Sample Item 0922,l,Beverages,2026-06-01
KMB-P0923,Sample Item 0923,each,Household,2026-06-01
KMB-P0924,Sample Item 0924,kg,Grocery,2026-06-01
KMB-P0925,Sample Item 0925,l,Beverages,2026-06-01
KMB-P0926,Sample Item 0926,each,Household,2026-06-01
KMB-P0927,Sample Item 0927,kg,Grocery,2026-06-01
KMB-P0928,Sample Item 0928,l,Beverages,2026-06-01
KMB-P0929,Sample Item 0929,each,Household,2026-06-01
KMB-P0930,Sample Item 0930,kg,Grocery,2026-06-01
KMB-P0931,Sample Item 0931,l,Beverages,2026-06-01
KMB-P0932,Sample Item 0932,each,Household,2026-06-01
KMB-P0933,Sample Item 0933,kg,Grocery,2026-06-01
KMB-P0934,Sample Item 0934,l,Beverages,2026-06-01
KMB-P0935,Sample Item 0935,each,Household,2026-06-01
KMB-P0936,Sample Item 0936,kg,Grocery,2026-06-01
KMB-P0937,Sample Item 0937,l,Beverages,2026-06-01
KMB-P0938,Sample Item 0938,each,Household,2026-06-01
KMB-P0939,Sample Item 0939,kg,Grocery,2026-06-01
KMB-P0940,Sample Item 0940,l,Beverages,2026-06-01
KMB-P0941,Sample Item 0941,each,Household,2026-06-01
KMB-P0942,Sample Item 0942,kg,Grocery,2026-06-01
KMB-P0943,Sample Item 0943,l,Beverages,2026-06-01
KMB-P0944,Sample Item 0944,each,Household,2026-06-01
KMB-P0945,Sample Item 0945,kg,Grocery,2026-06-01
KMB-P0946,Sample Item 0946,l,Beverages,2026-06-01
KMB-P0947,Sample Item 0947,each,Household,2026-06-01
KMB-P0948,Sample Item 0948,kg,Grocery,2026-06-01
KMB-P0949,Sample Item 0949,l,Beverages,2026-06-01
KMB-P0950,Sample Item 0950,each,Household,2026-06-01
KMB-P0951,Sample Item 0951,kg,Grocery,2026-06-01
KMB-P0952,Sample Item 0952,l,Beverages,2026-06-01
KMB-P0953,Sample Item 0953,each,Household,2026-06-01
KMB-P0954,Sample Item 0954,kg,Grocery,2026-06-01
KMB-P0955,Sample Item 0955,l,Beverages,2026-06-01
KMB-P0956,Sample Item 0956,each,Household,2026-06-01
KMB-P0957,Sample Item 0957,kg,Grocery,2026-06-01
KMB-P0958,Sample Item 0958,l,Beverages,2026-06-01
KMB-P0959,Sample Item 0959,each,Household,2026-06-01
KMB-P0960,Sample Item 0960,kg,Grocery,2026-06-01
KMB-P0961,Sample Item 0961,l,Beverages,2026-06-01
KMB-P0962,Sample Item 0962,each,Household,2026-06-01
KMB-P0963,Sample Item 0963,kg,Grocery,2026-06-01
KMB-P0964,Sample Item 0964,l,Beverages,2026-06-01
KMB-P0965,Sample Item 0965,each,Household,2026-06-01
KMB-P0966,Sample Item 0966,kg,Grocery,2026-06-01
KMB-P0967,Sample Item 0967,l,Beverages,2026-06-01
KMB-P0968,Sample Item 0968,each,Household,2026-06-01
KMB-P0969,Sample Item 0969,kg,Grocery,2026-06-01
KMB-P0970,Sample Item 0970,l,Beverages,2026-06-01
KMB-P0971,Sample Item 0971,each,Household,2026-06-01
KMB-P0972,Sample Item 0972,kg,Grocery,2026-06-01
KMB-P0973,Sample Item 0973,l,Beverages,2026-06-01
KMB-P0974,Sample Item 0974,each,Household,2026-06-01
KMB-P0975,Sample Item 0975,kg,Grocery,2026-06-01
KMB-P0976,Sample Item 0976,l,Beverages,2026-06-01
KMB-P0977,Sample Item 0977,each,Household,2026-06-01
KMB-P0978,Sample Item 0978,kg,Grocery,2026-06-01
KMB-P0979,Sample Item 0979,l,Beverages,2026-06-01
KMB-P0980,Sample Item 0980,each,Household,2026-06-01
KMB-P0981,Sample Item 0981,kg,Grocery,2026-06-01
KMB-P0982,Sample Item 0982,l,Beverages,2026-06-01
KMB-P0983,Sample Item 0983,each,Household,2026-06-01
KMB-P0984,Sample Item 0984,kg,Grocery,2026-06-01
KMB-P0985,Sample Item 0985,l,Beverages,2026-06-01
KMB-P0986,Sample Item 0986,each,Household,2026-06-01
KMB-P0987,Sample Item 0987,kg,Grocery,2026-06-01
KMB-P0988,Sample Item 0988,l,Beverages,2026-06-01
KMB-P0989,Sample Item 0989,each,Household,2026-06-01
KMB-P0990,Sample Item 0990,kg,Grocery,2026-06-01
KMB-P0991,Sample Item 0991,l,Beverages,2026-06-01
KMB-P0992,Sample Item 0992,each,Household,2026-06-01
KMB-P0993,Sample Item 0993,kg,Grocery,2026-06-01
KMB-P0994,Sample Item 0994,l,Beverages,2026-06-01
KMB-P0995,Sample Item 0995,each,Household,2026-06-01
KMB-P0996,Sample Item 0996,kg,Grocery,2026-06-01
KMB-P0997,Sample Item 0997,l,Beverages,2026-06-01
KMB-P0998,Sample Item 0998,each,Household,2026-06-01
KMB-P0999,Sample Item 0999,kg,Grocery,2026-06-01
KMB-P1000,Sample Item 1000,l,Beverages,2026-06-01
KMB-P1001,Sample Item 1001,each,Household,2026-06-01
KMB-P1002,Sample Item 1002,kg,Grocery,2026-06-01
KMB-P1003,Sample Item 1003,l,Beverages,2026-06-01
KMB-P1004,Sample Item 1004,each,Household,2026-06-01
KMB-P1005,Sample Item 1005,kg,Grocery,2026-06-01
KMB-P1006,Sample Item 1006,l,Beverages,2026-06-01
KMB-P1007,Sample Item 1007,each,Household,2026-06-01
KMB-P1008,Sample Item 1008,kg,Grocery,2026-06-01
KMB-P1009,Sample Item 1009,l,Beverages,2026-06-01
KMB-P1010,Sample Item 1010,each,Household,2026-06-01
KMB-P1011,Sample Item 1011,kg,Grocery,2026-06-01
KMB-P1012,Sample Item 1012,l,Beverages,2026-06-01
KMB-P1013,Sample Item 1013,each,Household,2026-06-01
KMB-P1014,Sample Item 1014,kg,Grocery,2026-06-01
KMB-P1015,Sample Item 1015,l,Beverages,2026-06-01
KMB-P1016,Sample Item 1016,each,Household,2026-06-01
KMB-P1017,Sample Item 1017,kg,Grocery,2026-06-01
KMB-P1018,Sample Item 1018,l,Beverages,2026-06-01
KMB-P1019,Sample Item 1019,each,Household,2026-06-01
KMB-P1020,Sample Item 1020,kg,Grocery,2026-06-01
KMB-P1021,Sample Item 1021,l,Beverages,2026-06-01
KMB-P1022,Sample Item 1022,each,Household,2026-06-01
KMB-P1023,Sample Item 1023,kg,Grocery,2026-06-01
KMB-P1024,Sample Item 1024,l,Beverages,2026-06-01
KMB-P1025,Sample Item 1025,each,Household,2026-06-01
KMB-P1026,Sample Item 1026,kg,Grocery,2026-06-01
KMB-P1027,Sample Item 1027,l,Beverages,2026-06-01
KMB-P1028,Sample Item 1028,each,Household,2026-06-01
KMB-P1029,Sample Item 1029,kg,Grocery,2026-06-01
KMB-P1030,Sample Item 1030,l,Beverages,2026-06-01
KMB-P1031,Sample Item 1031,each,Household,2026-06-01
KMB-P1032,Sample Item 1032,kg,Grocery,2026-06-01
KMB-P1033,Sample Item 1033,l,Beverages,2026-06-01
KMB-P1034,Sample Item 1034,each,Household,2026-06-01
KMB-P1035,Sample Item 1035,kg,Grocery,2026-06-01
KMB-P1036,Sample Item 1036,l,Beverages,2026-06-01
KMB-P1037,Sample Item 1037,each,Household,2026-06-01
KMB-P1038,Sample Item 1038,kg,Grocery,2026-06-01
KMB-P1039,Sample Item 1039,l,Beverages,2026-06-01
KMB-P1040,Sample Item 1040,each,Household,2026-06-01
KMB-P1041,Sample Item 1041,kg,Grocery,2026-06-01
KMB-P1042,Sample Item 1042,l,Beverages,2026-06-01
KMB-P1043,Sample Item 1043,each,Household,2026-06-01
KMB-P1044,Sample Item 1044,kg,Grocery,2026-06-01
KMB-P1045,Sample Item 1045,l,Beverages,2026-06-01
KMB-P1046,Sample Item 1046,each,Household,2026-06-01
KMB-P1047,Sample Item 1047,kg,Grocery,2026-06-01
KMB-P1048,Sample Item 1048,l,Beverages,2026-06-01
KMB-P1049,Sample Item 1049,each,Household,2026-06-01
KMB-P1050,Sample Item 1050,kg,Grocery,2026-06-01
KMB-P1051,Sample Item 1051,l,Beverages,2026-06-01
KMB-P1052,Sample Item 1052,each,Household,2026-06-01
KMB-P1053,Sample Item 1053,kg,Grocery,2026-06-01
KMB-P1054,Sample Item 1054,l,Beverages,2026-06-01
KMB-P1055,Sample Item 1055,each,Household,2026-06-01
KMB-P1056,Sample Item 1056,kg,Grocery,2026-06-01
KMB-P1057,Sample Item 1057,l,Beverages,2026-06-01
KMB-P1058,Sample Item 1058,each,Household,2026-06-01
KMB-P1059,Sample Item 1059,kg,Grocery,2026-06-01
KMB-P1060,Sample Item 1060,l,Beverages,2026-06-01
KMB-P1061,Sample Item 1061,each,Household,2026-06-01
KMB-P1062,Sample Item 1062,kg,Grocery,2026-06-01
KMB-P1063,Sample Item 1063,l,Beverages,2026-06-01
KMB-P1064,Sample Item 1064,each,Household,2026-06-01
KMB-P1065,Sample Item 1065,kg,Grocery,2026-06-01
KMB-P1066,Sample Item 1066,l,Beverages,2026-06-01
KMB-P1067,Sample Item 1067,each,Household,2026-06-01
KMB-P1068,Sample Item 1068,kg,Grocery,2026-06-01
KMB-P1069,Sample Item 1069,l,Beverages,2026-06-01
KMB-P1070,Sample Item 1070,each,Household,2026-06-01
KMB-P1071,Sample Item 1071,kg,Grocery,2026-06-01
KMB-P1072,Sample Item 1072,l,Beverages,2026-06-01
KMB-P1073,Sample Item 1073,each,Household,2026-06-01
KMB-P1074,Sample Item 1074,kg,Grocery,2026-06-01
KMB-P1075,Sample Item 1075,l,Beverages,2026-06-01
KMB-P1076,Sample Item 1076,each,Household,2026-06-01
KMB-P1077,Sample Item 1077,kg,Grocery,2026-06-01
KMB-P1078,Sample Item 1078,l,Beverages,2026-06-01
KMB-P1079,Sample Item 1079,each,Household,2026-06-01
KMB-P1080,Sample Item 1080,kg,Grocery,2026-06-01
KMB-P1081,Sample Item 1081,l,Beverages,2026-06-01
KMB-P1082,Sample Item 1082,each,Household,2026-06-01
KMB-P1083,Sample Item 1083,kg,Grocery,2026-06-01
KMB-P1084,Sample Item 1084,l,Beverages,2026-06-01
KMB-P1085,Sample Item 1085,each,Household,2026-06-01
KMB-P1086,Sample Item 1086,kg,Grocery,2026-06-01
KMB-P1087,Sample Item 1087,l,Beverages,2026-06-01
KMB-P1088,Sample Item 1088,each,Household,2026-06-01
KMB-P1089,Sample Item 1089,kg,Grocery,2026-06-01
KMB-P1090,Sample Item 1090,l,Beverages,2026-06-01
KMB-P1091,Sample Item 1091,each,Household,2026-06-01
KMB-P1092,Sample Item 1092,kg,Grocery,2026-06-01
KMB-P1093,Sample Item 1093,l,Beverages,2026-06-01
KMB-P1094,Sample Item 1094,each,Household,2026-06-01
KMB-P1095,Sample Item 1095,kg,Grocery,2026-06-01
KMB-P1096,Sample Item 1096,l,Beverages,2026-06-01
KMB-P1097,Sample Item 1097,each,Household,2026-06-01
KMB-P1098,Sample Item 1098,kg,Grocery,2026-06-01
KMB-P1099,Sample Item 1099,l,Beverages,2026-06-01
KMB-P1100,Sample Item 1100,each,Household,2026-06-01
KMB-P1101,Sample Item 1101,kg,Grocery,2026-06-01
KMB-P1102,Sample Item 1102,l,Beverages,2026-06-01
KMB-P1103,Sample Item 1103,each,Household,2026-06-01
KMB-P1104,Sample Item 1104,kg,Grocery,2026-06-01
KMB-P1105,Sample Item 1105,l,Beverages,2026-06-01
KMB-P1106,Sample Item 1106,each,Household,2026-06-01
KMB-P1107,Sample Item 1107,kg,Grocery,2026-06-01
KMB-P1108,Sample Item 1108,l,Beverages,2026-06-01
KMB-P1109,Sample Item 1109,each,Household,2026-06-01
KMB-P1110,Sample Item 1110,kg,Grocery,2026-06-01
KMB-P1111,Sample Item 1111,l,Beverages,2026-06-01
KMB-P1112,Sample Item 1112,each,Household,2026-06-01
KMB-P1113,Sample Item 1113,kg,Grocery,2026-06-01
KMB-P1114,Sample Item 1114,l,Beverages,2026-06-01
KMB-P1115,Sample Item 1115,each,Household,2026-06-01
KMB-P1116,Sample Item 1116,kg,Grocery,2026-06-01
KMB-P1117,Sample Item 1117,l,Beverages,2026-06-01
KMB-P1118,Sample Item 1118,each,Household,2026-06-01
KMB-P1119,Sample Item 1119,kg,Grocery,2026-06-01
KMB-P1120,Sample Item 1120,l,Beverages,2026-06-01
KMB-P1121,Sample Item 1121,each,Household,2026-06-01
KMB-P1122,Sample Item 1122,kg,Grocery,2026-06-01
KMB-P1123,Sample Item 1123,l,Beverages,2026-06-01
KMB-P1124,Sample Item 1124,each,Household,2026-06-01
KMB-P1125,Sample Item 1125,kg,Grocery,2026-06-01
KMB-P1126,Sample Item 1126,l,Beverages,2026-06-01
KMB-P1127,Sample Item 1127,each,Household,2026-06-01
KMB-P1128,Sample Item 1128,kg,Grocery,2026-06-01
KMB-P1129,Sample Item 1129,l,Beverages,2026-06-01
KMB-P1130,Sample Item 1130,each,Household,2026-06-01
KMB-P1131,Sample Item 1131,kg,Grocery,2026-06-01
KMB-P1132,Sample Item 1132,l,Beverages,2026-06-01
KMB-P1133,Sample Item 1133,each,Household,2026-06-01
KMB-P1134,Sample Item 1134,kg,Grocery,2026-06-01
KMB-P1135,Sample Item 1135,l,Beverages,2026-06-01
KMB-P1136,Sample Item 1136,each,Household,2026-06-01
KMB-P1137,Sample Item 1137,kg,Grocery,2026-06-01
KMB-P1138,Sample Item 1138,l,Beverages,2026-06-01
KMB-P1139,Sample Item 1139,each,Household,2026-06-01
